"","mean.kcrate.nM.hr","sd.kcrate.nM.hr","stn","depthid","site","expt","substrate","timepoint"
"stn1-d1-bulk-chon-t0",0,0,"1","d1","1.d1","bulk","chon","t0"
"stn1-d1-bulk-chon-t1",0,0,"1","d1","1.d1","bulk","chon","t1"
"stn1-d1-bulk-chon-t2",13.71,1.35,"1","d1","1.d1","bulk","chon","t2"
"stn1-d1-bulk-chon-t3",8.2,0.72,"1","d1","1.d1","bulk","chon","t3"
"stn1-d1-bulk-chon-t4",5.08,0.11,"1","d1","1.d1","bulk","chon","t4"
"stn1-d1-bulk-chon-t5",3.41,0.1,"1","d1","1.d1","bulk","chon","t5"
"stn1-d1-bulk-chon-t6",1.63,0.04,"1","d1","1.d1","bulk","chon","t6"
"stn1-d1-bulk-lam-t0",0,0,"1","d1","1.d1","bulk","lam","t0"
"stn1-d1-bulk-lam-t1",0,0,"1","d1","1.d1","bulk","lam","t1"
"stn1-d1-bulk-lam-t2",0.32,0.1,"1","d1","1.d1","bulk","lam","t2"
"stn1-d1-bulk-lam-t3",3.03,0.5,"1","d1","1.d1","bulk","lam","t3"
"stn1-d1-bulk-lam-t4",0.23,0.21,"1","d1","1.d1","bulk","lam","t4"
"stn1-d1-bulk-lam-t5",0.14,0.03,"1","d1","1.d1","bulk","lam","t5"
"stn1-d1-bulk-lam-t6",0.23,0.01,"1","d1","1.d1","bulk","lam","t6"
"stn1-d1-bulk-pul-t0",0,0,"1","d1","1.d1","bulk","pul","t0"
"stn1-d1-bulk-pul-t1",2.8,2.77,"1","d1","1.d1","bulk","pul","t1"
"stn1-d1-bulk-pul-t2",1.35,1.45,"1","d1","1.d1","bulk","pul","t2"
"stn1-d1-bulk-pul-t3",1.09,1.23,"1","d1","1.d1","bulk","pul","t3"
"stn1-d1-bulk-pul-t4",0.33,0.24,"1","d1","1.d1","bulk","pul","t4"
"stn1-d1-bulk-pul-t5",0.13,0.13,"1","d1","1.d1","bulk","pul","t5"
"stn1-d1-bulk-pul-t6",0.29,0.23,"1","d1","1.d1","bulk","pul","t6"
"stn1-d1-bulk-xyl-t0",0,0,"1","d1","1.d1","bulk","xyl","t0"
"stn1-d1-bulk-xyl-t1",5.36,9.29,"1","d1","1.d1","bulk","xyl","t1"
"stn1-d1-bulk-xyl-t2",1.78,3.09,"1","d1","1.d1","bulk","xyl","t2"
"stn1-d1-bulk-xyl-t3",1.1,1.91,"1","d1","1.d1","bulk","xyl","t3"
"stn1-d1-bulk-xyl-t4",1.44,1.53,"1","d1","1.d1","bulk","xyl","t4"
"stn1-d1-bulk-xyl-t5",2.16,0.69,"1","d1","1.d1","bulk","xyl","t5"
"stn1-d1-bulk-xyl-t6",0.95,0.45,"1","d1","1.d1","bulk","xyl","t6"
"stn1-d2-bulk-chon-t0",0,0,"1","d2","1.d2","bulk","chon","t0"
"stn1-d2-bulk-chon-t1",1.71,2.6,"1","d2","1.d2","bulk","chon","t1"
"stn1-d2-bulk-chon-t2",1.17,1.18,"1","d2","1.d2","bulk","chon","t2"
"stn1-d2-bulk-chon-t3",9.41,1.37,"1","d2","1.d2","bulk","chon","t3"
"stn1-d2-bulk-chon-t4",5.72,0.82,"1","d2","1.d2","bulk","chon","t4"
"stn1-d2-bulk-chon-t5",3.55,0.34,"1","d2","1.d2","bulk","chon","t5"
"stn1-d2-bulk-chon-t6",1.78,0.16,"1","d2","1.d2","bulk","chon","t6"
"stn1-d2-bulk-lam-t0",0,0,"1","d2","1.d2","bulk","lam","t0"
"stn1-d2-bulk-lam-t1",1.53,2.5,"1","d2","1.d2","bulk","lam","t1"
"stn1-d2-bulk-lam-t2",0.32,0.15,"1","d2","1.d2","bulk","lam","t2"
"stn1-d2-bulk-lam-t3",2.53,0.2,"1","d2","1.d2","bulk","lam","t3"
"stn1-d2-bulk-lam-t4",4,0.91,"1","d2","1.d2","bulk","lam","t4"
"stn1-d2-bulk-lam-t5",2.39,0.22,"1","d2","1.d2","bulk","lam","t5"
"stn1-d2-bulk-lam-t6",0.41,0.06,"1","d2","1.d2","bulk","lam","t6"
"stn1-d2-bulk-pul-t0",0,0,"1","d2","1.d2","bulk","pul","t0"
"stn1-d2-bulk-pul-t1",6.67,8.32,"1","d2","1.d2","bulk","pul","t1"
"stn1-d2-bulk-pul-t2",2.62,1.75,"1","d2","1.d2","bulk","pul","t2"
"stn1-d2-bulk-pul-t3",2.44,1.73,"1","d2","1.d2","bulk","pul","t3"
"stn1-d2-bulk-pul-t4",0.98,0.43,"1","d2","1.d2","bulk","pul","t4"
"stn1-d2-bulk-pul-t5",0.13,0.11,"1","d2","1.d2","bulk","pul","t5"
"stn1-d2-bulk-pul-t6",0.15,0.06,"1","d2","1.d2","bulk","pul","t6"
"stn2-d1-bulk-ara-t0",0,0,"2","d1","2.d1","bulk","ara","t0"
"stn2-d1-bulk-ara-t1",0.56,0.5,"2","d1","2.d1","bulk","ara","t1"
"stn2-d1-bulk-ara-t2",0.11,0.04,"2","d1","2.d1","bulk","ara","t2"
"stn2-d1-bulk-ara-t3",0.08,0.06,"2","d1","2.d1","bulk","ara","t3"
"stn2-d1-bulk-ara-t4",0.04,0.04,"2","d1","2.d1","bulk","ara","t4"
"stn2-d1-bulk-ara-t5",0.03,0.04,"2","d1","2.d1","bulk","ara","t5"
"stn2-d1-bulk-ara-t6",0.1,0.1,"2","d1","2.d1","bulk","ara","t6"
"stn2-d1-bulk-chon-t0",0,0,"2","d1","2.d1","bulk","chon","t0"
"stn2-d1-bulk-chon-t1",22.21,19.23,"2","d1","2.d1","bulk","chon","t1"
"stn2-d1-bulk-chon-t2",10.5,8.07,"2","d1","2.d1","bulk","chon","t2"
"stn2-d1-bulk-chon-t3",2.64,3.52,"2","d1","2.d1","bulk","chon","t3"
"stn2-d1-bulk-chon-t4",2.35,2.67,"2","d1","2.d1","bulk","chon","t4"
"stn2-d1-bulk-chon-t5",2.19,1.88,"2","d1","2.d1","bulk","chon","t5"
"stn2-d1-bulk-chon-t6",1.19,0.61,"2","d1","2.d1","bulk","chon","t6"
"stn2-d1-bulk-fuc-t0",0,0,"2","d1","2.d1","bulk","fuc","t0"
"stn2-d1-bulk-fuc-t1",0.09,0.16,"2","d1","2.d1","bulk","fuc","t1"
"stn2-d1-bulk-fuc-t2",0.06,0.08,"2","d1","2.d1","bulk","fuc","t2"
"stn2-d1-bulk-fuc-t3",1.11,0.89,"2","d1","2.d1","bulk","fuc","t3"
"stn2-d1-bulk-fuc-t4",0.72,0.65,"2","d1","2.d1","bulk","fuc","t4"
"stn2-d1-bulk-fuc-t5",0.4,0.26,"2","d1","2.d1","bulk","fuc","t5"
"stn2-d1-bulk-fuc-t6",0.2,0.12,"2","d1","2.d1","bulk","fuc","t6"
"stn2-d1-bulk-lam-t0",0,0,"2","d1","2.d1","bulk","lam","t0"
"stn2-d1-bulk-lam-t1",0.6,0.39,"2","d1","2.d1","bulk","lam","t1"
"stn2-d1-bulk-lam-t2",1.73,0.84,"2","d1","2.d1","bulk","lam","t2"
"stn2-d1-bulk-lam-t3",4.18,0.82,"2","d1","2.d1","bulk","lam","t3"
"stn2-d1-bulk-lam-t4",2.92,0.38,"2","d1","2.d1","bulk","lam","t4"
"stn2-d1-bulk-lam-t5",1.91,0.08,"2","d1","2.d1","bulk","lam","t5"
"stn2-d1-bulk-lam-t6",0.21,0.02,"2","d1","2.d1","bulk","lam","t6"
"stn2-d1-bulk-pul-t0",0,0,"2","d1","2.d1","bulk","pul","t0"
"stn2-d1-bulk-pul-t1",9.64,10.35,"2","d1","2.d1","bulk","pul","t1"
"stn2-d1-bulk-pul-t2",2.35,2.08,"2","d1","2.d1","bulk","pul","t2"
"stn2-d1-bulk-pul-t3",0.51,0.48,"2","d1","2.d1","bulk","pul","t3"
"stn2-d1-bulk-pul-t4",0.55,0.29,"2","d1","2.d1","bulk","pul","t4"
"stn2-d1-bulk-pul-t5",0.22,0.2,"2","d1","2.d1","bulk","pul","t5"
"stn2-d1-bulk-pul-t6",0.21,0.06,"2","d1","2.d1","bulk","pul","t6"
"stn2-d1-bulk-xyl-t0",0,0,"2","d1","2.d1","bulk","xyl","t0"
"stn2-d1-bulk-xyl-t1",0.77,0.39,"2","d1","2.d1","bulk","xyl","t1"
"stn2-d1-bulk-xyl-t2",3.59,0.5,"2","d1","2.d1","bulk","xyl","t2"
"stn2-d1-bulk-xyl-t3",3.52,2.83,"2","d1","2.d1","bulk","xyl","t3"
"stn2-d1-bulk-xyl-t4",2.65,2.44,"2","d1","2.d1","bulk","xyl","t4"
"stn2-d1-bulk-xyl-t5",1.9,1.46,"2","d1","2.d1","bulk","xyl","t5"
"stn2-d1-bulk-xyl-t6",1.32,0.06,"2","d1","2.d1","bulk","xyl","t6"
"stn2-d2-bulk-chon-t0",0,0,"2","d2","2.d2","bulk","chon","t0"
"stn2-d2-bulk-chon-t1",29.4,25.19,"2","d2","2.d2","bulk","chon","t1"
"stn2-d2-bulk-chon-t2",15.82,11.97,"2","d2","2.d2","bulk","chon","t2"
"stn2-d2-bulk-chon-t3",4.77,5.48,"2","d2","2.d2","bulk","chon","t3"
"stn2-d2-bulk-chon-t4",2.92,4.06,"2","d2","2.d2","bulk","chon","t4"
"stn2-d2-bulk-chon-t5",2.84,2.46,"2","d2","2.d2","bulk","chon","t5"
"stn2-d2-bulk-chon-t6",1.52,0.89,"2","d2","2.d2","bulk","chon","t6"
"stn2-d2-bulk-lam-t0",0,0,"2","d2","2.d2","bulk","lam","t0"
"stn2-d2-bulk-lam-t1",7.58,6.56,"2","d2","2.d2","bulk","lam","t1"
"stn2-d2-bulk-lam-t2",12.01,1.3,"2","d2","2.d2","bulk","lam","t2"
"stn2-d2-bulk-lam-t3",3.87,3.54,"2","d2","2.d2","bulk","lam","t3"
"stn2-d2-bulk-lam-t4",2.44,2.08,"2","d2","2.d2","bulk","lam","t4"
"stn2-d2-bulk-lam-t5",2.03,0.82,"2","d2","2.d2","bulk","lam","t5"
"stn2-d2-bulk-lam-t6",1.03,0.25,"2","d2","2.d2","bulk","lam","t6"
"stn2-d2-bulk-pul-t0",0,0,"2","d2","2.d2","bulk","pul","t0"
"stn2-d2-bulk-pul-t1",0,0,"2","d2","2.d2","bulk","pul","t1"
"stn2-d2-bulk-pul-t2",0.38,0.57,"2","d2","2.d2","bulk","pul","t2"
"stn2-d2-bulk-pul-t3",0.28,0.45,"2","d2","2.d2","bulk","pul","t3"
"stn2-d2-bulk-pul-t4",0.12,0.17,"2","d2","2.d2","bulk","pul","t4"
"stn2-d2-bulk-pul-t5",0,0,"2","d2","2.d2","bulk","pul","t5"
"stn2-d2-bulk-pul-t6",0.07,0.12,"2","d2","2.d2","bulk","pul","t6"
"stn3-d1-bulk-ara-t0",0,0,"3","d1","3.d1","bulk","ara","t0"
"stn3-d1-bulk-ara-t1",0.74,0.08,"3","d1","3.d1","bulk","ara","t1"
"stn3-d1-bulk-ara-t2",0.44,0.5,"3","d1","3.d1","bulk","ara","t2"
"stn3-d1-bulk-ara-t3",0.12,0.1,"3","d1","3.d1","bulk","ara","t3"
"stn3-d1-bulk-ara-t4",0.03,0.02,"3","d1","3.d1","bulk","ara","t4"
"stn3-d1-bulk-ara-t5",0.07,0.01,"3","d1","3.d1","bulk","ara","t5"
"stn3-d1-bulk-ara-t6",0.05,0.01,"3","d1","3.d1","bulk","ara","t6"
"stn3-d1-bulk-chon-t0",0,0,"3","d1","3.d1","bulk","chon","t0"
"stn3-d1-bulk-chon-t1",0.45,0.78,"3","d1","3.d1","bulk","chon","t1"
"stn3-d1-bulk-chon-t2",13.94,1.02,"3","d1","3.d1","bulk","chon","t2"
"stn3-d1-bulk-chon-t3",8.45,0.15,"3","d1","3.d1","bulk","chon","t3"
"stn3-d1-bulk-chon-t4",5.51,0.34,"3","d1","3.d1","bulk","chon","t4"
"stn3-d1-bulk-chon-t5",3.1,0.15,"3","d1","3.d1","bulk","chon","t5"
"stn3-d1-bulk-chon-t6",1.42,0.07,"3","d1","3.d1","bulk","chon","t6"
"stn3-d1-bulk-fuc-t0",0,0,"3","d1","3.d1","bulk","fuc","t0"
"stn3-d1-bulk-fuc-t1",7.18,5.89,"3","d1","3.d1","bulk","fuc","t1"
"stn3-d1-bulk-fuc-t2",3.07,4.73,"3","d1","3.d1","bulk","fuc","t2"
"stn3-d1-bulk-fuc-t3",1.72,0.42,"3","d1","3.d1","bulk","fuc","t3"
"stn3-d1-bulk-fuc-t4",1.05,1.15,"3","d1","3.d1","bulk","fuc","t4"
"stn3-d1-bulk-fuc-t5",0.92,0.37,"3","d1","3.d1","bulk","fuc","t5"
"stn3-d1-bulk-fuc-t6",0.35,0.3,"3","d1","3.d1","bulk","fuc","t6"
"stn3-d1-bulk-lam-t0",0,0,"3","d1","3.d1","bulk","lam","t0"
"stn3-d1-bulk-lam-t1",1.1,0.72,"3","d1","3.d1","bulk","lam","t1"
"stn3-d1-bulk-lam-t2",3.98,0.24,"3","d1","3.d1","bulk","lam","t2"
"stn3-d1-bulk-lam-t3",4.17,0.05,"3","d1","3.d1","bulk","lam","t3"
"stn3-d1-bulk-lam-t4",3.13,0.08,"3","d1","3.d1","bulk","lam","t4"
"stn3-d1-bulk-lam-t5",1.88,0.05,"3","d1","3.d1","bulk","lam","t5"
"stn3-d1-bulk-lam-t6",0.78,0.05,"3","d1","3.d1","bulk","lam","t6"
"stn3-d1-bulk-pul-t0",0,0,"3","d1","3.d1","bulk","pul","t0"
"stn3-d1-bulk-pul-t1",7.28,8.61,"3","d1","3.d1","bulk","pul","t1"
"stn3-d1-bulk-pul-t2",2.2,2.36,"3","d1","3.d1","bulk","pul","t2"
"stn3-d1-bulk-pul-t3",1.34,0.78,"3","d1","3.d1","bulk","pul","t3"
"stn3-d1-bulk-pul-t4",0.54,0.37,"3","d1","3.d1","bulk","pul","t4"
"stn3-d1-bulk-pul-t5",0.37,0.23,"3","d1","3.d1","bulk","pul","t5"
"stn3-d1-bulk-pul-t6",0.24,0.08,"3","d1","3.d1","bulk","pul","t6"
"stn3-d1-bulk-xyl-t0",0,0,"3","d1","3.d1","bulk","xyl","t0"
"stn3-d1-bulk-xyl-t1",0.55,0.95,"3","d1","3.d1","bulk","xyl","t1"
"stn3-d1-bulk-xyl-t2",0.1,0.08,"3","d1","3.d1","bulk","xyl","t2"
"stn3-d1-bulk-xyl-t3",0.8,0.18,"3","d1","3.d1","bulk","xyl","t3"
"stn3-d1-bulk-xyl-t4",1.1,0.52,"3","d1","3.d1","bulk","xyl","t4"
"stn3-d1-bulk-xyl-t5",1.35,0.33,"3","d1","3.d1","bulk","xyl","t5"
"stn3-d1-bulk-xyl-t6",0.84,0.25,"3","d1","3.d1","bulk","xyl","t6"
"stn3-d2-bulk-ara-t0",0,0,"3","d2","3.d2","bulk","ara","t0"
"stn3-d2-bulk-ara-t1",1.32,0.26,"3","d2","3.d2","bulk","ara","t1"
"stn3-d2-bulk-ara-t2",0.53,0.39,"3","d2","3.d2","bulk","ara","t2"
"stn3-d2-bulk-ara-t3",0.28,0.17,"3","d2","3.d2","bulk","ara","t3"
"stn3-d2-bulk-ara-t4",0.18,0.11,"3","d2","3.d2","bulk","ara","t4"
"stn3-d2-bulk-ara-t5",0.15,0.09,"3","d2","3.d2","bulk","ara","t5"
"stn3-d2-bulk-ara-t6",1.33,0.17,"3","d2","3.d2","bulk","ara","t6"
"stn3-d2-bulk-chon-t0",0,0,"3","d2","3.d2","bulk","chon","t0"
"stn3-d2-bulk-chon-t1",0.18,0.32,"3","d2","3.d2","bulk","chon","t1"
"stn3-d2-bulk-chon-t2",16.36,0.82,"3","d2","3.d2","bulk","chon","t2"
"stn3-d2-bulk-chon-t3",8.51,0.21,"3","d2","3.d2","bulk","chon","t3"
"stn3-d2-bulk-chon-t4",5.52,0.37,"3","d2","3.d2","bulk","chon","t4"
"stn3-d2-bulk-chon-t5",3.34,0.12,"3","d2","3.d2","bulk","chon","t5"
"stn3-d2-bulk-chon-t6",1.5,0.01,"3","d2","3.d2","bulk","chon","t6"
"stn3-d2-bulk-fuc-t0",0,0,"3","d2","3.d2","bulk","fuc","t0"
"stn3-d2-bulk-fuc-t1",0,0,"3","d2","3.d2","bulk","fuc","t1"
"stn3-d2-bulk-fuc-t2",0.47,0.81,"3","d2","3.d2","bulk","fuc","t2"
"stn3-d2-bulk-fuc-t3",0.6,1.05,"3","d2","3.d2","bulk","fuc","t3"
"stn3-d2-bulk-fuc-t4",2.2,1.66,"3","d2","3.d2","bulk","fuc","t4"
"stn3-d2-bulk-fuc-t5",3.61,0.68,"3","d2","3.d2","bulk","fuc","t5"
"stn3-d2-bulk-fuc-t6",1.63,0.29,"3","d2","3.d2","bulk","fuc","t6"
"stn3-d2-bulk-lam-t0",0,0,"3","d2","3.d2","bulk","lam","t0"
"stn3-d2-bulk-lam-t1",0.12,0.2,"3","d2","3.d2","bulk","lam","t1"
"stn3-d2-bulk-lam-t2",9.13,0.62,"3","d2","3.d2","bulk","lam","t2"
"stn3-d2-bulk-lam-t3",7.98,0.53,"3","d2","3.d2","bulk","lam","t3"
"stn3-d2-bulk-lam-t4",4.47,0.1,"3","d2","3.d2","bulk","lam","t4"
"stn3-d2-bulk-lam-t5",0.9,0.11,"3","d2","3.d2","bulk","lam","t5"
"stn3-d2-bulk-lam-t6",0.35,0.11,"3","d2","3.d2","bulk","lam","t6"
"stn3-d2-bulk-pul-t0",0,0,"3","d2","3.d2","bulk","pul","t0"
"stn3-d2-bulk-pul-t1",0.73,1.03,"3","d2","3.d2","bulk","pul","t1"
"stn3-d2-bulk-pul-t2",2.34,2.88,"3","d2","3.d2","bulk","pul","t2"
"stn3-d2-bulk-pul-t3",0.33,0.47,"3","d2","3.d2","bulk","pul","t3"
"stn3-d2-bulk-pul-t4",0.35,0.61,"3","d2","3.d2","bulk","pul","t4"
"stn3-d2-bulk-pul-t5",0.12,0.22,"3","d2","3.d2","bulk","pul","t5"
"stn3-d2-bulk-pul-t6",0.03,0.05,"3","d2","3.d2","bulk","pul","t6"
"stn3-d2-bulk-xyl-t0",0,0,"3","d2","3.d2","bulk","xyl","t0"
"stn3-d2-bulk-xyl-t1",0.03,0.02,"3","d2","3.d2","bulk","xyl","t1"
"stn3-d2-bulk-xyl-t2",2.36,1.37,"3","d2","3.d2","bulk","xyl","t2"
"stn3-d2-bulk-xyl-t3",9.56,0.03,"3","d2","3.d2","bulk","xyl","t3"
"stn3-d2-bulk-xyl-t4",1.72,0.11,"3","d2","3.d2","bulk","xyl","t4"
"stn3-d2-bulk-xyl-t5",0.28,0.09,"3","d2","3.d2","bulk","xyl","t5"
"stn3-d2-bulk-xyl-t6",0.21,0.04,"3","d2","3.d2","bulk","xyl","t6"
"stn5-d1-bulk-ara-t0",0,0,"5","d1","5.d1","bulk","ara","t0"
"stn5-d1-bulk-ara-t1",1,1.73,"5","d1","5.d1","bulk","ara","t1"
"stn5-d1-bulk-ara-t2",0,0,"5","d1","5.d1","bulk","ara","t2"
"stn5-d1-bulk-ara-t3",0,0,"5","d1","5.d1","bulk","ara","t3"
"stn5-d1-bulk-ara-t4",0.09,0.09,"5","d1","5.d1","bulk","ara","t4"
"stn5-d1-bulk-ara-t5",0,0,"5","d1","5.d1","bulk","ara","t5"
"stn5-d1-bulk-ara-t6",0,0,"5","d1","5.d1","bulk","ara","t6"
"stn5-d1-bulk-chon-t1",1.58,2.24,"5","d1","5.d1","bulk","chon","t1"
"stn5-d1-bulk-chon-t2",11.54,0.64,"5","d1","5.d1","bulk","chon","t2"
"stn5-d1-bulk-chon-t3",8.09,0.35,"5","d1","5.d1","bulk","chon","t3"
"stn5-d1-bulk-chon-t4",5.12,0.32,"5","d1","5.d1","bulk","chon","t4"
"stn5-d1-bulk-chon-t5",2.66,0.12,"5","d1","5.d1","bulk","chon","t5"
"stn5-d1-bulk-chon-t6",1.18,0.07,"5","d1","5.d1","bulk","chon","t6"
"stn5-d1-bulk-chon-t0",0,NA,"5","d1","5.d1","bulk","chon","t0"
"stn5-d1-bulk-fuc-t0",0,0,"5","d1","5.d1","bulk","fuc","t0"
"stn5-d1-bulk-fuc-t1",2.9,3.1,"5","d1","5.d1","bulk","fuc","t1"
"stn5-d1-bulk-fuc-t2",0.14,0.23,"5","d1","5.d1","bulk","fuc","t2"
"stn5-d1-bulk-fuc-t3",1.47,0.26,"5","d1","5.d1","bulk","fuc","t3"
"stn5-d1-bulk-fuc-t4",0.35,0.31,"5","d1","5.d1","bulk","fuc","t4"
"stn5-d1-bulk-fuc-t5",0,0,"5","d1","5.d1","bulk","fuc","t5"
"stn5-d1-bulk-fuc-t6",0.03,0.05,"5","d1","5.d1","bulk","fuc","t6"
"stn5-d1-bulk-lam-t0",0,0,"5","d1","5.d1","bulk","lam","t0"
"stn5-d1-bulk-lam-t1",2.86,2.5,"5","d1","5.d1","bulk","lam","t1"
"stn5-d1-bulk-lam-t2",9.17,1.28,"5","d1","5.d1","bulk","lam","t2"
"stn5-d1-bulk-lam-t3",4.85,0.09,"5","d1","5.d1","bulk","lam","t3"
"stn5-d1-bulk-lam-t4",0.05,0.08,"5","d1","5.d1","bulk","lam","t4"
"stn5-d1-bulk-lam-t5",0,0,"5","d1","5.d1","bulk","lam","t5"
"stn5-d1-bulk-lam-t6",0,0,"5","d1","5.d1","bulk","lam","t6"
"stn5-d1-bulk-pul-t0",0,0,"5","d1","5.d1","bulk","pul","t0"
"stn5-d1-bulk-pul-t1",1.56,2.7,"5","d1","5.d1","bulk","pul","t1"
"stn5-d1-bulk-pul-t2",0.23,0.21,"5","d1","5.d1","bulk","pul","t2"
"stn5-d1-bulk-pul-t3",0.57,0.46,"5","d1","5.d1","bulk","pul","t3"
"stn5-d1-bulk-pul-t4",0.09,0.15,"5","d1","5.d1","bulk","pul","t4"
"stn5-d1-bulk-pul-t5",0.24,0.22,"5","d1","5.d1","bulk","pul","t5"
"stn5-d1-bulk-pul-t6",0.59,0.13,"5","d1","5.d1","bulk","pul","t6"
"stn5-d1-bulk-xyl-t0",0,0,"5","d1","5.d1","bulk","xyl","t0"
"stn5-d1-bulk-xyl-t1",0.19,0.33,"5","d1","5.d1","bulk","xyl","t1"
"stn5-d1-bulk-xyl-t2",3.87,6.7,"5","d1","5.d1","bulk","xyl","t2"
"stn5-d1-bulk-xyl-t3",0,0,"5","d1","5.d1","bulk","xyl","t3"
"stn5-d1-bulk-xyl-t4",0,0,"5","d1","5.d1","bulk","xyl","t4"
"stn5-d1-bulk-xyl-t5",0,0,"5","d1","5.d1","bulk","xyl","t5"
"stn5-d1-bulk-xyl-t6",0,0,"5","d1","5.d1","bulk","xyl","t6"
"stn5-d2-bulk-ara-t0",0,0,"5","d2","5.d2","bulk","ara","t0"
"stn5-d2-bulk-ara-t1",0.44,0.76,"5","d2","5.d2","bulk","ara","t1"
"stn5-d2-bulk-ara-t2",0,0,"5","d2","5.d2","bulk","ara","t2"
"stn5-d2-bulk-ara-t3",0.06,0.11,"5","d2","5.d2","bulk","ara","t3"
"stn5-d2-bulk-ara-t4",0.04,0.04,"5","d2","5.d2","bulk","ara","t4"
"stn5-d2-bulk-ara-t5",0.04,0.02,"5","d2","5.d2","bulk","ara","t5"
"stn5-d2-bulk-ara-t6",0.01,0.01,"5","d2","5.d2","bulk","ara","t6"
"stn5-d2-bulk-chon-t0",0,0,"5","d2","5.d2","bulk","chon","t0"
"stn5-d2-bulk-chon-t1",4.97,1.03,"5","d2","5.d2","bulk","chon","t1"
"stn5-d2-bulk-chon-t2",13.14,1.63,"5","d2","5.d2","bulk","chon","t2"
"stn5-d2-bulk-chon-t3",8.11,0.51,"5","d2","5.d2","bulk","chon","t3"
"stn5-d2-bulk-chon-t4",5.07,0.28,"5","d2","5.d2","bulk","chon","t4"
"stn5-d2-bulk-chon-t5",2.83,0.12,"5","d2","5.d2","bulk","chon","t5"
"stn5-d2-bulk-chon-t6",1.45,0.06,"5","d2","5.d2","bulk","chon","t6"
"stn5-d2-bulk-fuc-t0",0,0,"5","d2","5.d2","bulk","fuc","t0"
"stn5-d2-bulk-fuc-t1",1.08,1.87,"5","d2","5.d2","bulk","fuc","t1"
"stn5-d2-bulk-fuc-t2",0,0,"5","d2","5.d2","bulk","fuc","t2"
"stn5-d2-bulk-fuc-t3",0,0,"5","d2","5.d2","bulk","fuc","t3"
"stn5-d2-bulk-fuc-t4",0.42,0.44,"5","d2","5.d2","bulk","fuc","t4"
"stn5-d2-bulk-fuc-t5",0.17,0.2,"5","d2","5.d2","bulk","fuc","t5"
"stn5-d2-bulk-fuc-t6",0.2,0.23,"5","d2","5.d2","bulk","fuc","t6"
"stn5-d2-bulk-lam-t0",0,0,"5","d2","5.d2","bulk","lam","t0"
"stn5-d2-bulk-lam-t1",2.32,1.46,"5","d2","5.d2","bulk","lam","t1"
"stn5-d2-bulk-lam-t2",11.38,1.91,"5","d2","5.d2","bulk","lam","t2"
"stn5-d2-bulk-lam-t3",6.11,0.63,"5","d2","5.d2","bulk","lam","t3"
"stn5-d2-bulk-lam-t4",4.04,0.42,"5","d2","5.d2","bulk","lam","t4"
"stn5-d2-bulk-lam-t5",1.45,0.03,"5","d2","5.d2","bulk","lam","t5"
"stn5-d2-bulk-lam-t6",0,0,"5","d2","5.d2","bulk","lam","t6"
"stn5-d2-bulk-pul-t0",0,0,"5","d2","5.d2","bulk","pul","t0"
"stn5-d2-bulk-pul-t1",1.71,1.49,"5","d2","5.d2","bulk","pul","t1"
"stn5-d2-bulk-pul-t2",2.88,4.06,"5","d2","5.d2","bulk","pul","t2"
"stn5-d2-bulk-pul-t3",0.12,0.21,"5","d2","5.d2","bulk","pul","t3"
"stn5-d2-bulk-pul-t4",0.21,0.19,"5","d2","5.d2","bulk","pul","t4"
"stn5-d2-bulk-pul-t5",0.09,0.16,"5","d2","5.d2","bulk","pul","t5"
"stn5-d2-bulk-pul-t6",0.17,0.15,"5","d2","5.d2","bulk","pul","t6"
"stn5-d2-bulk-xyl-t0",0,0,"5","d2","5.d2","bulk","xyl","t0"
"stn5-d2-bulk-xyl-t1",0.93,1.26,"5","d2","5.d2","bulk","xyl","t1"
"stn5-d2-bulk-xyl-t2",0.25,0.43,"5","d2","5.d2","bulk","xyl","t2"
"stn5-d2-bulk-xyl-t3",0.14,0.24,"5","d2","5.d2","bulk","xyl","t3"
"stn5-d2-bulk-xyl-t4",0,0,"5","d2","5.d2","bulk","xyl","t4"
"stn5-d2-bulk-xyl-t5",0,0,"5","d2","5.d2","bulk","xyl","t5"
"stn5-d2-bulk-xyl-t6",0.36,0.06,"5","d2","5.d2","bulk","xyl","t6"
"stn5-d3-bulk-ara-t0",0,0,"5","d3","5.d3","bulk","ara","t0"
"stn5-d3-bulk-ara-t1",1.69,1.78,"5","d3","5.d3","bulk","ara","t1"
"stn5-d3-bulk-ara-t2",0.32,0.26,"5","d3","5.d3","bulk","ara","t2"
"stn5-d3-bulk-ara-t3",0.25,0.23,"5","d3","5.d3","bulk","ara","t3"
"stn5-d3-bulk-ara-t4",0.14,0.12,"5","d3","5.d3","bulk","ara","t4"
"stn5-d3-bulk-ara-t5",0.05,0.04,"5","d3","5.d3","bulk","ara","t5"
"stn5-d3-bulk-ara-t6",0.03,0.03,"5","d3","5.d3","bulk","ara","t6"
"stn5-d3-bulk-chon-t0",0,0,"5","d3","5.d3","bulk","chon","t0"
"stn5-d3-bulk-chon-t1",0,0,"5","d3","5.d3","bulk","chon","t1"
"stn5-d3-bulk-chon-t2",17.22,1.06,"5","d3","5.d3","bulk","chon","t2"
"stn5-d3-bulk-chon-t3",8.8,0.41,"5","d3","5.d3","bulk","chon","t3"
"stn5-d3-bulk-chon-t4",5.47,0.26,"5","d3","5.d3","bulk","chon","t4"
"stn5-d3-bulk-chon-t5",2.98,0.08,"5","d3","5.d3","bulk","chon","t5"
"stn5-d3-bulk-chon-t6",1.35,0.02,"5","d3","5.d3","bulk","chon","t6"
"stn5-d3-bulk-fuc-t0",0,0,"5","d3","5.d3","bulk","fuc","t0"
"stn5-d3-bulk-fuc-t1",0,0,"5","d3","5.d3","bulk","fuc","t1"
"stn5-d3-bulk-fuc-t2",1.41,2.45,"5","d3","5.d3","bulk","fuc","t2"
"stn5-d3-bulk-fuc-t3",0,0,"5","d3","5.d3","bulk","fuc","t3"
"stn5-d3-bulk-fuc-t4",0,0,"5","d3","5.d3","bulk","fuc","t4"
"stn5-d3-bulk-fuc-t5",0,0,"5","d3","5.d3","bulk","fuc","t5"
"stn5-d3-bulk-fuc-t6",0,0,"5","d3","5.d3","bulk","fuc","t6"
"stn5-d3-bulk-lam-t0",0,0,"5","d3","5.d3","bulk","lam","t0"
"stn5-d3-bulk-lam-t1",1.02,1.08,"5","d3","5.d3","bulk","lam","t1"
"stn5-d3-bulk-lam-t2",9.2,1.9,"5","d3","5.d3","bulk","lam","t2"
"stn5-d3-bulk-lam-t3",5.39,0.66,"5","d3","5.d3","bulk","lam","t3"
"stn5-d3-bulk-lam-t4",3.35,0.43,"5","d3","5.d3","bulk","lam","t4"
"stn5-d3-bulk-lam-t5",0.46,0.21,"5","d3","5.d3","bulk","lam","t5"
"stn5-d3-bulk-lam-t6",0.1,0.11,"5","d3","5.d3","bulk","lam","t6"
"stn5-d3-bulk-pul-t0",0,0,"5","d3","5.d3","bulk","pul","t0"
"stn5-d3-bulk-pul-t1",6.63,5.09,"5","d3","5.d3","bulk","pul","t1"
"stn5-d3-bulk-pul-t2",0.84,0.77,"5","d3","5.d3","bulk","pul","t2"
"stn5-d3-bulk-pul-t3",0.71,0.44,"5","d3","5.d3","bulk","pul","t3"
"stn5-d3-bulk-pul-t4",0.51,0.66,"5","d3","5.d3","bulk","pul","t4"
"stn5-d3-bulk-pul-t5",0.16,0.14,"5","d3","5.d3","bulk","pul","t5"
"stn5-d3-bulk-pul-t6",0.1,0.06,"5","d3","5.d3","bulk","pul","t6"
"stn5-d3-bulk-xyl-t0",0,0,"5","d3","5.d3","bulk","xyl","t0"
"stn5-d3-bulk-xyl-t1",0.1,0.15,"5","d3","5.d3","bulk","xyl","t1"
"stn5-d3-bulk-xyl-t2",0.02,0.02,"5","d3","5.d3","bulk","xyl","t2"
"stn5-d3-bulk-xyl-t3",1.42,1.06,"5","d3","5.d3","bulk","xyl","t3"
"stn5-d3-bulk-xyl-t4",2.84,0.88,"5","d3","5.d3","bulk","xyl","t4"
"stn5-d3-bulk-xyl-t5",2.89,0.14,"5","d3","5.d3","bulk","xyl","t5"
"stn5-d3-bulk-xyl-t6",1.35,0.03,"5","d3","5.d3","bulk","xyl","t6"
"stn5-d4-bulk-ara-t0",0,0,"5","d4","5.d4","bulk","ara","t0"
"stn5-d4-bulk-ara-t1",1.77,1.8,"5","d4","5.d4","bulk","ara","t1"
"stn5-d4-bulk-ara-t2",0.87,0.38,"5","d4","5.d4","bulk","ara","t2"
"stn5-d4-bulk-ara-t3",0.36,0.2,"5","d4","5.d4","bulk","ara","t3"
"stn5-d4-bulk-ara-t4",0.24,0.15,"5","d4","5.d4","bulk","ara","t4"
"stn5-d4-bulk-ara-t5",0.06,0.06,"5","d4","5.d4","bulk","ara","t5"
"stn5-d4-bulk-ara-t6",0.04,0.03,"5","d4","5.d4","bulk","ara","t6"
"stn5-d4-bulk-chon-t0",0,0,"5","d4","5.d4","bulk","chon","t0"
"stn5-d4-bulk-chon-t1",0,0,"5","d4","5.d4","bulk","chon","t1"
"stn5-d4-bulk-chon-t2",0.22,0.15,"5","d4","5.d4","bulk","chon","t2"
"stn5-d4-bulk-chon-t3",9.23,0.12,"5","d4","5.d4","bulk","chon","t3"
"stn5-d4-bulk-chon-t4",5.81,0.12,"5","d4","5.d4","bulk","chon","t4"
"stn5-d4-bulk-chon-t5",0.95,0.04,"5","d4","5.d4","bulk","chon","t5"
"stn5-d4-bulk-chon-t6",0.43,0.04,"5","d4","5.d4","bulk","chon","t6"
"stn5-d4-bulk-fuc-t0",0,0,"5","d4","5.d4","bulk","fuc","t0"
"stn5-d4-bulk-fuc-t1",0,0,"5","d4","5.d4","bulk","fuc","t1"
"stn5-d4-bulk-fuc-t2",0,0,"5","d4","5.d4","bulk","fuc","t2"
"stn5-d4-bulk-fuc-t3",0,0,"5","d4","5.d4","bulk","fuc","t3"
"stn5-d4-bulk-fuc-t4",0,0,"5","d4","5.d4","bulk","fuc","t4"
"stn5-d4-bulk-fuc-t5",0,0,"5","d4","5.d4","bulk","fuc","t5"
"stn5-d4-bulk-fuc-t6",0,0,"5","d4","5.d4","bulk","fuc","t6"
"stn5-d4-bulk-lam-t0",0,0,"5","d4","5.d4","bulk","lam","t0"
"stn5-d4-bulk-lam-t1",1.06,1.28,"5","d4","5.d4","bulk","lam","t1"
"stn5-d4-bulk-lam-t2",0.98,0.3,"5","d4","5.d4","bulk","lam","t2"
"stn5-d4-bulk-lam-t3",7.52,0.58,"5","d4","5.d4","bulk","lam","t3"
"stn5-d4-bulk-lam-t4",5.13,0.48,"5","d4","5.d4","bulk","lam","t4"
"stn5-d4-bulk-lam-t5",1.62,0.25,"5","d4","5.d4","bulk","lam","t5"
"stn5-d4-bulk-lam-t6",0.47,0.04,"5","d4","5.d4","bulk","lam","t6"
"stn5-d4-bulk-pul-t0",0,0,"5","d4","5.d4","bulk","pul","t0"
"stn5-d4-bulk-pul-t1",4.46,6.24,"5","d4","5.d4","bulk","pul","t1"
"stn5-d4-bulk-pul-t2",1.3,2.13,"5","d4","5.d4","bulk","pul","t2"
"stn5-d4-bulk-pul-t3",0.85,1.27,"5","d4","5.d4","bulk","pul","t3"
"stn5-d4-bulk-pul-t4",0.91,1.58,"5","d4","5.d4","bulk","pul","t4"
"stn5-d4-bulk-pul-t5",0.13,0.23,"5","d4","5.d4","bulk","pul","t5"
"stn5-d4-bulk-pul-t6",0.11,0.17,"5","d4","5.d4","bulk","pul","t6"
"stn5-d4-bulk-xyl-t0",0,0,"5","d4","5.d4","bulk","xyl","t0"
"stn5-d4-bulk-xyl-t1",1.41,0.93,"5","d4","5.d4","bulk","xyl","t1"
"stn5-d4-bulk-xyl-t2",0.41,0.16,"5","d4","5.d4","bulk","xyl","t2"
"stn5-d4-bulk-xyl-t3",0.51,0.11,"5","d4","5.d4","bulk","xyl","t3"
"stn5-d4-bulk-xyl-t4",3.47,0.03,"5","d4","5.d4","bulk","xyl","t4"
"stn5-d4-bulk-xyl-t5",2.26,0.04,"5","d4","5.d4","bulk","xyl","t5"
"stn5-d4-bulk-xyl-t6",0.91,0.05,"5","d4","5.d4","bulk","xyl","t6"
"stn5-d5-bulk-ara-t0",0,0,"5","d5","5.d5","bulk","ara","t0"
"stn5-d5-bulk-ara-t1",3.04,5.26,"5","d5","5.d5","bulk","ara","t1"
"stn5-d5-bulk-ara-t2",0.24,0.23,"5","d5","5.d5","bulk","ara","t2"
"stn5-d5-bulk-ara-t3",0,0,"5","d5","5.d5","bulk","ara","t3"
"stn5-d5-bulk-ara-t4",0.13,0.08,"5","d5","5.d5","bulk","ara","t4"
"stn5-d5-bulk-ara-t5",0.1,0.04,"5","d5","5.d5","bulk","ara","t5"
"stn5-d5-bulk-ara-t6",0.02,0.02,"5","d5","5.d5","bulk","ara","t6"
"stn5-d5-bulk-chon-t0",0,0,"5","d5","5.d5","bulk","chon","t0"
"stn5-d5-bulk-chon-t1",0.13,0.12,"5","d5","5.d5","bulk","chon","t1"
"stn5-d5-bulk-chon-t2",0.25,0.06,"5","d5","5.d5","bulk","chon","t2"
"stn5-d5-bulk-chon-t3",8.46,0.09,"5","d5","5.d5","bulk","chon","t3"
"stn5-d5-bulk-chon-t4",5.32,0.33,"5","d5","5.d5","bulk","chon","t4"
"stn5-d5-bulk-chon-t5",2.25,0.03,"5","d5","5.d5","bulk","chon","t5"
"stn5-d5-bulk-chon-t6",0.71,0.02,"5","d5","5.d5","bulk","chon","t6"
"stn5-d5-bulk-fuc-t0",0,0,"5","d5","5.d5","bulk","fuc","t0"
"stn5-d5-bulk-fuc-t1",4.01,3.99,"5","d5","5.d5","bulk","fuc","t1"
"stn5-d5-bulk-fuc-t2",0.98,0.87,"5","d5","5.d5","bulk","fuc","t2"
"stn5-d5-bulk-fuc-t3",1.24,1.44,"5","d5","5.d5","bulk","fuc","t3"
"stn5-d5-bulk-fuc-t4",0.02,0.04,"5","d5","5.d5","bulk","fuc","t4"
"stn5-d5-bulk-fuc-t5",0.35,0.24,"5","d5","5.d5","bulk","fuc","t5"
"stn5-d5-bulk-fuc-t6",1.38,0.09,"5","d5","5.d5","bulk","fuc","t6"
"stn5-d5-bulk-lam-t0",0,0,"5","d5","5.d5","bulk","lam","t0"
"stn5-d5-bulk-lam-t1",0.74,0.73,"5","d5","5.d5","bulk","lam","t1"
"stn5-d5-bulk-lam-t2",0.04,0.05,"5","d5","5.d5","bulk","lam","t2"
"stn5-d5-bulk-lam-t3",4.19,1.01,"5","d5","5.d5","bulk","lam","t3"
"stn5-d5-bulk-lam-t4",3.86,0.57,"5","d5","5.d5","bulk","lam","t4"
"stn5-d5-bulk-lam-t5",1.44,0.02,"5","d5","5.d5","bulk","lam","t5"
"stn5-d5-bulk-lam-t6",0.28,0.01,"5","d5","5.d5","bulk","lam","t6"
"stn5-d5-bulk-pul-t0",0,0,"5","d5","5.d5","bulk","pul","t0"
"stn5-d5-bulk-pul-t1",0,0,"5","d5","5.d5","bulk","pul","t1"
"stn5-d5-bulk-pul-t2",2.38,3.61,"5","d5","5.d5","bulk","pul","t2"
"stn5-d5-bulk-pul-t3",0.2,0.18,"5","d5","5.d5","bulk","pul","t3"
"stn5-d5-bulk-pul-t4",0.9,1.55,"5","d5","5.d5","bulk","pul","t4"
"stn5-d5-bulk-pul-t5",0.05,0.09,"5","d5","5.d5","bulk","pul","t5"
"stn5-d5-bulk-pul-t6",0.02,0.04,"5","d5","5.d5","bulk","pul","t6"
"stn5-d5-bulk-xyl-t0",0,0,"5","d5","5.d5","bulk","xyl","t0"
"stn5-d5-bulk-xyl-t1",0.97,0.27,"5","d5","5.d5","bulk","xyl","t1"
"stn5-d5-bulk-xyl-t2",0.4,0.26,"5","d5","5.d5","bulk","xyl","t2"
"stn5-d5-bulk-xyl-t3",0.61,0.04,"5","d5","5.d5","bulk","xyl","t3"
"stn5-d5-bulk-xyl-t4",4.75,0.09,"5","d5","5.d5","bulk","xyl","t4"
"stn5-d5-bulk-xyl-t5",2.97,0.01,"5","d5","5.d5","bulk","xyl","t5"
"stn5-d5-bulk-xyl-t6",1.37,0.02,"5","d5","5.d5","bulk","xyl","t6"
"stn6-d1-bulk-ara-t0",0,0,"6","d1","6.d1","bulk","ara","t0"
"stn6-d1-bulk-ara-t1",0,0,"6","d1","6.d1","bulk","ara","t1"
"stn6-d1-bulk-ara-t2",0.47,0.43,"6","d1","6.d1","bulk","ara","t2"
"stn6-d1-bulk-ara-t3",0.2,0.32,"6","d1","6.d1","bulk","ara","t3"
"stn6-d1-bulk-ara-t4",0.12,0.15,"6","d1","6.d1","bulk","ara","t4"
"stn6-d1-bulk-ara-t5",0.15,0.09,"6","d1","6.d1","bulk","ara","t5"
"stn6-d1-bulk-ara-t6",0,0,"6","d1","6.d1","bulk","ara","t6"
"stn6-d1-bulk-chon-t0",0,0,"6","d1","6.d1","bulk","chon","t0"
"stn6-d1-bulk-chon-t1",0.25,0.44,"6","d1","6.d1","bulk","chon","t1"
"stn6-d1-bulk-chon-t2",14.9,1.35,"6","d1","6.d1","bulk","chon","t2"
"stn6-d1-bulk-chon-t3",7.72,0.68,"6","d1","6.d1","bulk","chon","t3"
"stn6-d1-bulk-chon-t4",3.69,0.52,"6","d1","6.d1","bulk","chon","t4"
"stn6-d1-bulk-chon-t5",2.7,0.02,"6","d1","6.d1","bulk","chon","t5"
"stn6-d1-bulk-chon-t6",1.1,0.18,"6","d1","6.d1","bulk","chon","t6"
"stn6-d2-bulk-ara-t0",0,0,"6","d2","6.d2","bulk","ara","t0"
"stn6-d2-bulk-ara-t1",0,0,"6","d2","6.d2","bulk","ara","t1"
"stn6-d2-bulk-ara-t2",0.25,0.16,"6","d2","6.d2","bulk","ara","t2"
"stn6-d2-bulk-ara-t3",0.45,0.79,"6","d2","6.d2","bulk","ara","t3"
"stn6-d2-bulk-ara-t4",0,0,"6","d2","6.d2","bulk","ara","t4"
"stn6-d2-bulk-ara-t5",0.25,0.43,"6","d2","6.d2","bulk","ara","t5"
"stn6-d2-bulk-ara-t6",0.06,0.07,"6","d2","6.d2","bulk","ara","t6"
"stn6-d2-bulk-chon-t0",0,0,"6","d2","6.d2","bulk","chon","t0"
"stn6-d2-bulk-chon-t1",26.6,23.18,"6","d2","6.d2","bulk","chon","t1"
"stn6-d2-bulk-chon-t2",10.98,8.77,"6","d2","6.d2","bulk","chon","t2"
"stn6-d2-bulk-chon-t3",3.33,4.81,"6","d2","6.d2","bulk","chon","t3"
"stn6-d2-bulk-chon-t4",1.65,1.62,"6","d2","6.d2","bulk","chon","t4"
"stn6-d2-bulk-chon-t5",1.93,1.67,"6","d2","6.d2","bulk","chon","t5"
"stn6-d2-bulk-chon-t6",1.09,0.68,"6","d2","6.d2","bulk","chon","t6"
"stn6-d3-bulk-ara-t0",0,0,"6","d3","6.d3","bulk","ara","t0"
"stn6-d3-bulk-ara-t1",0,0,"6","d3","6.d3","bulk","ara","t1"
"stn6-d3-bulk-ara-t2",0.2,0.34,"6","d3","6.d3","bulk","ara","t2"
"stn6-d3-bulk-ara-t3",0.3,0.03,"6","d3","6.d3","bulk","ara","t3"
"stn6-d3-bulk-ara-t4",0.11,0.04,"6","d3","6.d3","bulk","ara","t4"
"stn6-d3-bulk-ara-t5",0,0,"6","d3","6.d3","bulk","ara","t5"
"stn6-d3-bulk-ara-t6",0.07,0.05,"6","d3","6.d3","bulk","ara","t6"
"stn6-d3-bulk-chon-t0",0,0,"6","d3","6.d3","bulk","chon","t0"
"stn6-d3-bulk-chon-t1",0.87,1.21,"6","d3","6.d3","bulk","chon","t1"
"stn6-d3-bulk-chon-t2",15.65,0.7,"6","d3","6.d3","bulk","chon","t2"
"stn6-d3-bulk-chon-t3",8.09,0.66,"6","d3","6.d3","bulk","chon","t3"
"stn6-d3-bulk-chon-t4",4.86,0.41,"6","d3","6.d3","bulk","chon","t4"
"stn6-d3-bulk-chon-t5",2.85,0.09,"6","d3","6.d3","bulk","chon","t5"
"stn6-d3-bulk-chon-t6",1.44,0.09,"6","d3","6.d3","bulk","chon","t6"
"stn6-d3-bulk-lam-t0",0,0,"6","d3","6.d3","bulk","lam","t0"
"stn6-d3-bulk-lam-t1",0.37,0.64,"6","d3","6.d3","bulk","lam","t1"
"stn6-d3-bulk-lam-t2",9.54,1.7,"6","d3","6.d3","bulk","lam","t2"
"stn6-d3-bulk-lam-t3",5.3,0.6,"6","d3","6.d3","bulk","lam","t3"
"stn6-d3-bulk-lam-t4",3.54,0.39,"6","d3","6.d3","bulk","lam","t4"
"stn6-d3-bulk-lam-t5",0.78,0.04,"6","d3","6.d3","bulk","lam","t5"
"stn6-d3-bulk-lam-t6",0.1,0.02,"6","d3","6.d3","bulk","lam","t6"
"stn6-d3-bulk-pul-t0",0,0,"6","d3","6.d3","bulk","pul","t0"
"stn6-d3-bulk-pul-t1",13.01,11.56,"6","d3","6.d3","bulk","pul","t1"
"stn6-d3-bulk-pul-t2",3.38,4.67,"6","d3","6.d3","bulk","pul","t2"
"stn6-d3-bulk-pul-t3",3.12,3.78,"6","d3","6.d3","bulk","pul","t3"
"stn6-d3-bulk-pul-t4",1.56,2.56,"6","d3","6.d3","bulk","pul","t4"
"stn6-d3-bulk-pul-t5",0.15,0.15,"6","d3","6.d3","bulk","pul","t5"
"stn6-d3-bulk-pul-t6",0.05,0.06,"6","d3","6.d3","bulk","pul","t6"
"stn6-d4-bulk-ara-t0",0,0,"6","d4","6.d4","bulk","ara","t0"
"stn6-d4-bulk-ara-t1",2.05,1.06,"6","d4","6.d4","bulk","ara","t1"
"stn6-d4-bulk-ara-t2",0.41,0.33,"6","d4","6.d4","bulk","ara","t2"
"stn6-d4-bulk-ara-t3",0.54,0.56,"6","d4","6.d4","bulk","ara","t3"
"stn6-d4-bulk-ara-t4",0.14,0.11,"6","d4","6.d4","bulk","ara","t4"
"stn6-d4-bulk-ara-t5",0.05,0.03,"6","d4","6.d4","bulk","ara","t5"
"stn6-d4-bulk-ara-t6",0,0,"6","d4","6.d4","bulk","ara","t6"
"stn6-d4-bulk-chon-t0",0,0,"6","d4","6.d4","bulk","chon","t0"
"stn6-d4-bulk-chon-t1",0.37,0.38,"6","d4","6.d4","bulk","chon","t1"
"stn6-d4-bulk-chon-t2",0.19,0.27,"6","d4","6.d4","bulk","chon","t2"
"stn6-d4-bulk-chon-t3",2.42,2.85,"6","d4","6.d4","bulk","chon","t3"
"stn6-d4-bulk-chon-t4",4.1,0.15,"6","d4","6.d4","bulk","chon","t4"
"stn6-d4-bulk-chon-t5",2.51,0.09,"6","d4","6.d4","bulk","chon","t5"
"stn6-d4-bulk-chon-t6",0.16,0.05,"6","d4","6.d4","bulk","chon","t6"
"stn6-d4-bulk-lam-t0",0,0,"6","d4","6.d4","bulk","lam","t0"
"stn6-d4-bulk-lam-t1",0.12,0.11,"6","d4","6.d4","bulk","lam","t1"
"stn6-d4-bulk-lam-t2",0.18,0.2,"6","d4","6.d4","bulk","lam","t2"
"stn6-d4-bulk-lam-t3",3.09,1.77,"6","d4","6.d4","bulk","lam","t3"
"stn6-d4-bulk-lam-t4",2.86,0.7,"6","d4","6.d4","bulk","lam","t4"
"stn6-d4-bulk-lam-t5",0.6,0.07,"6","d4","6.d4","bulk","lam","t5"
"stn6-d4-bulk-lam-t6",0,0,"6","d4","6.d4","bulk","lam","t6"
"stn6-d4-bulk-pul-t0",0,0,"6","d4","6.d4","bulk","pul","t0"
"stn6-d4-bulk-pul-t1",11.92,17.44,"6","d4","6.d4","bulk","pul","t1"
"stn6-d4-bulk-pul-t2",2.74,4.29,"6","d4","6.d4","bulk","pul","t2"
"stn6-d4-bulk-pul-t3",0.85,1.1,"6","d4","6.d4","bulk","pul","t3"
"stn6-d4-bulk-pul-t4",1.23,0.61,"6","d4","6.d4","bulk","pul","t4"
"stn6-d4-bulk-pul-t5",0.33,0.26,"6","d4","6.d4","bulk","pul","t5"
"stn6-d4-bulk-pul-t6",0,0,"6","d4","6.d4","bulk","pul","t6"
"stn6-d5-bulk-ara-t0",0,0,"6","d5","6.d5","bulk","ara","t0"
"stn6-d5-bulk-ara-t1",0,0,"6","d5","6.d5","bulk","ara","t1"
"stn6-d5-bulk-ara-t2",0,0,"6","d5","6.d5","bulk","ara","t2"
"stn6-d5-bulk-ara-t3",0,0,"6","d5","6.d5","bulk","ara","t3"
"stn6-d5-bulk-ara-t4",0,0,"6","d5","6.d5","bulk","ara","t4"
"stn6-d5-bulk-ara-t5",0,0,"6","d5","6.d5","bulk","ara","t5"
"stn6-d5-bulk-ara-t6",0,0,"6","d5","6.d5","bulk","ara","t6"
"stn6-d5-bulk-chon-t0",0,0,"6","d5","6.d5","bulk","chon","t0"
"stn6-d5-bulk-chon-t1",0,0,"6","d5","6.d5","bulk","chon","t1"
"stn6-d5-bulk-chon-t2",0,0,"6","d5","6.d5","bulk","chon","t2"
"stn6-d5-bulk-chon-t3",4.95,2.19,"6","d5","6.d5","bulk","chon","t3"
"stn6-d5-bulk-chon-t4",3.97,0.3,"6","d5","6.d5","bulk","chon","t4"
"stn6-d5-bulk-chon-t5",0.7,0.78,"6","d5","6.d5","bulk","chon","t5"
"stn6-d5-bulk-chon-t6",0.17,0.02,"6","d5","6.d5","bulk","chon","t6"
"stn6-d5-bulk-lam-t0",0,0,"6","d5","6.d5","bulk","lam","t0"
"stn6-d5-bulk-lam-t1",0.06,0.1,"6","d5","6.d5","bulk","lam","t1"
"stn6-d5-bulk-lam-t2",0.04,0.07,"6","d5","6.d5","bulk","lam","t2"
"stn6-d5-bulk-lam-t3",2.82,0.37,"6","d5","6.d5","bulk","lam","t3"
"stn6-d5-bulk-lam-t4",0.82,0.72,"6","d5","6.d5","bulk","lam","t4"
"stn6-d5-bulk-lam-t5",0.02,0.02,"6","d5","6.d5","bulk","lam","t5"
"stn6-d5-bulk-lam-t6",0,0,"6","d5","6.d5","bulk","lam","t6"
"stn6-d5-bulk-pul-t0",0,0,"6","d5","6.d5","bulk","pul","t0"
"stn6-d5-bulk-pul-t1",2.39,2.35,"6","d5","6.d5","bulk","pul","t1"
"stn6-d5-bulk-pul-t2",3.26,4.65,"6","d5","6.d5","bulk","pul","t2"
"stn6-d5-bulk-pul-t3",0.27,0.46,"6","d5","6.d5","bulk","pul","t3"
"stn6-d5-bulk-pul-t4",1.04,1.02,"6","d5","6.d5","bulk","pul","t4"
"stn6-d5-bulk-pul-t5",0.12,0.21,"6","d5","6.d5","bulk","pul","t5"
"stn6-d5-bulk-pul-t6",0.08,0.1,"6","d5","6.d5","bulk","pul","t6"
"stn6-d5-bulk-xyl-t0",0,0,"6","d5","6.d5","bulk","xyl","t0"
"stn6-d5-bulk-xyl-t1",0.67,0.55,"6","d5","6.d5","bulk","xyl","t1"
"stn6-d5-bulk-xyl-t2",0.1,0.09,"6","d5","6.d5","bulk","xyl","t2"
"stn6-d5-bulk-xyl-t3",3.62,0.9,"6","d5","6.d5","bulk","xyl","t3"
"stn6-d5-bulk-xyl-t4",4.24,0.01,"6","d5","6.d5","bulk","xyl","t4"
"stn6-d5-bulk-xyl-t5",2.64,0.09,"6","d5","6.d5","bulk","xyl","t5"
"stn6-d5-bulk-xyl-t6",1.12,0.02,"6","d5","6.d5","bulk","xyl","t6"
"stn8-d1-bulk-ara-t0",0,0,"8","d1","8.d1","bulk","ara","t0"
"stn8-d1-bulk-ara-t1",0.6,0.96,"8","d1","8.d1","bulk","ara","t1"
"stn8-d1-bulk-ara-t2",0.29,0.17,"8","d1","8.d1","bulk","ara","t2"
"stn8-d1-bulk-ara-t3",0.1,0.04,"8","d1","8.d1","bulk","ara","t3"
"stn8-d1-bulk-ara-t4",0.01,0.01,"8","d1","8.d1","bulk","ara","t4"
"stn8-d1-bulk-ara-t5",0,0,"8","d1","8.d1","bulk","ara","t5"
"stn8-d1-bulk-ara-t6",0.02,0.02,"8","d1","8.d1","bulk","ara","t6"
"stn8-d1-bulk-chon-t0",0,0,"8","d1","8.d1","bulk","chon","t0"
"stn8-d1-bulk-chon-t1",2.85,0.75,"8","d1","8.d1","bulk","chon","t1"
"stn8-d1-bulk-chon-t2",17.38,1.93,"8","d1","8.d1","bulk","chon","t2"
"stn8-d1-bulk-chon-t3",7.95,0.72,"8","d1","8.d1","bulk","chon","t3"
"stn8-d1-bulk-chon-t4",4.42,0.12,"8","d1","8.d1","bulk","chon","t4"
"stn8-d1-bulk-chon-t5",2.81,0.25,"8","d1","8.d1","bulk","chon","t5"
"stn8-d1-bulk-chon-t6",1.3,0.09,"8","d1","8.d1","bulk","chon","t6"
"stn8-d1-bulk-fuc-t0",0,0,"8","d1","8.d1","bulk","fuc","t0"
"stn8-d1-bulk-fuc-t1",3.22,5.57,"8","d1","8.d1","bulk","fuc","t1"
"stn8-d1-bulk-fuc-t2",1.99,3.44,"8","d1","8.d1","bulk","fuc","t2"
"stn8-d1-bulk-fuc-t3",0.61,0.86,"8","d1","8.d1","bulk","fuc","t3"
"stn8-d1-bulk-fuc-t4",0.14,0.25,"8","d1","8.d1","bulk","fuc","t4"
"stn8-d1-bulk-fuc-t5",0.67,0.68,"8","d1","8.d1","bulk","fuc","t5"
"stn8-d1-bulk-fuc-t6",0.23,0.21,"8","d1","8.d1","bulk","fuc","t6"
"stn8-d1-bulk-lam-t0",0,0,"8","d1","8.d1","bulk","lam","t0"
"stn8-d1-bulk-lam-t1",2.16,1.49,"8","d1","8.d1","bulk","lam","t1"
"stn8-d1-bulk-lam-t2",4.69,1.26,"8","d1","8.d1","bulk","lam","t2"
"stn8-d1-bulk-lam-t3",3.55,0.4,"8","d1","8.d1","bulk","lam","t3"
"stn8-d1-bulk-lam-t4",2.46,0.14,"8","d1","8.d1","bulk","lam","t4"
"stn8-d1-bulk-lam-t5",1.92,0.15,"8","d1","8.d1","bulk","lam","t5"
"stn8-d1-bulk-lam-t6",0.96,0.09,"8","d1","8.d1","bulk","lam","t6"
"stn8-d1-bulk-pul-t0",0,0,"8","d1","8.d1","bulk","pul","t0"
"stn8-d1-bulk-pul-t1",17.06,20.7,"8","d1","8.d1","bulk","pul","t1"
"stn8-d1-bulk-pul-t2",7,9.25,"8","d1","8.d1","bulk","pul","t2"
"stn8-d1-bulk-pul-t3",0.25,0.25,"8","d1","8.d1","bulk","pul","t3"
"stn8-d1-bulk-pul-t4",0.42,0.02,"8","d1","8.d1","bulk","pul","t4"
"stn8-d1-bulk-pul-t5",0.28,0.25,"8","d1","8.d1","bulk","pul","t5"
"stn8-d1-bulk-pul-t6",0.14,0.13,"8","d1","8.d1","bulk","pul","t6"
"stn8-d1-bulk-xyl-t0",0,0,"8","d1","8.d1","bulk","xyl","t0"
"stn8-d1-bulk-xyl-t1",0.33,0.56,"8","d1","8.d1","bulk","xyl","t1"
"stn8-d1-bulk-xyl-t2",0.41,0.56,"8","d1","8.d1","bulk","xyl","t2"
"stn8-d1-bulk-xyl-t3",0.03,0.05,"8","d1","8.d1","bulk","xyl","t3"
"stn8-d1-bulk-xyl-t4",0,0,"8","d1","8.d1","bulk","xyl","t4"
"stn8-d1-bulk-xyl-t5",0.02,0.03,"8","d1","8.d1","bulk","xyl","t5"
"stn8-d1-bulk-xyl-t6",0,0,"8","d1","8.d1","bulk","xyl","t6"
"stn8-d2-bulk-ara-t0",0,0,"8","d2","8.d2","bulk","ara","t0"
"stn8-d2-bulk-ara-t1",0.35,0.11,"8","d2","8.d2","bulk","ara","t1"
"stn8-d2-bulk-ara-t2",0.3,0.12,"8","d2","8.d2","bulk","ara","t2"
"stn8-d2-bulk-ara-t3",0,0,"8","d2","8.d2","bulk","ara","t3"
"stn8-d2-bulk-ara-t4",0,0,"8","d2","8.d2","bulk","ara","t4"
"stn8-d2-bulk-ara-t5",0.05,0.02,"8","d2","8.d2","bulk","ara","t5"
"stn8-d2-bulk-ara-t6",0.01,0.01,"8","d2","8.d2","bulk","ara","t6"
"stn8-d2-bulk-chon-t0",0,0,"8","d2","8.d2","bulk","chon","t0"
"stn8-d2-bulk-chon-t1",0.44,0.77,"8","d2","8.d2","bulk","chon","t1"
"stn8-d2-bulk-chon-t2",19.78,0.53,"8","d2","8.d2","bulk","chon","t2"
"stn8-d2-bulk-chon-t3",6.99,0.49,"8","d2","8.d2","bulk","chon","t3"
"stn8-d2-bulk-chon-t4",4.21,0.31,"8","d2","8.d2","bulk","chon","t4"
"stn8-d2-bulk-chon-t5",2.6,0.15,"8","d2","8.d2","bulk","chon","t5"
"stn8-d2-bulk-chon-t6",1.25,0.05,"8","d2","8.d2","bulk","chon","t6"
"stn8-d2-bulk-fuc-t0",0,0,"8","d2","8.d2","bulk","fuc","t0"
"stn8-d2-bulk-fuc-t1",10.26,13.89,"8","d2","8.d2","bulk","fuc","t1"
"stn8-d2-bulk-fuc-t2",3.33,5.17,"8","d2","8.d2","bulk","fuc","t2"
"stn8-d2-bulk-fuc-t3",1.47,2.08,"8","d2","8.d2","bulk","fuc","t3"
"stn8-d2-bulk-fuc-t4",0.85,1.07,"8","d2","8.d2","bulk","fuc","t4"
"stn8-d2-bulk-fuc-t5",0.14,0.24,"8","d2","8.d2","bulk","fuc","t5"
"stn8-d2-bulk-fuc-t6",0.23,0.37,"8","d2","8.d2","bulk","fuc","t6"
"stn8-d2-bulk-lam-t0",0,0,"8","d2","8.d2","bulk","lam","t0"
"stn8-d2-bulk-lam-t1",0.88,0.79,"8","d2","8.d2","bulk","lam","t1"
"stn8-d2-bulk-lam-t2",6.21,1.31,"8","d2","8.d2","bulk","lam","t2"
"stn8-d2-bulk-lam-t3",4.88,0.69,"8","d2","8.d2","bulk","lam","t3"
"stn8-d2-bulk-lam-t4",3.28,0.21,"8","d2","8.d2","bulk","lam","t4"
"stn8-d2-bulk-lam-t5",0.58,0.06,"8","d2","8.d2","bulk","lam","t5"
"stn8-d2-bulk-lam-t6",0.06,0.04,"8","d2","8.d2","bulk","lam","t6"
"stn8-d2-bulk-pul-t0",0,0,"8","d2","8.d2","bulk","pul","t0"
"stn8-d2-bulk-pul-t1",7.77,13.46,"8","d2","8.d2","bulk","pul","t1"
"stn8-d2-bulk-pul-t2",3.71,6.42,"8","d2","8.d2","bulk","pul","t2"
"stn8-d2-bulk-pul-t3",0.43,0.63,"8","d2","8.d2","bulk","pul","t3"
"stn8-d2-bulk-pul-t4",0.21,0.16,"8","d2","8.d2","bulk","pul","t4"
"stn8-d2-bulk-pul-t5",0,0,"8","d2","8.d2","bulk","pul","t5"
"stn8-d2-bulk-pul-t6",0,0,"8","d2","8.d2","bulk","pul","t6"
"stn8-d2-bulk-xyl-t0",0,0,"8","d2","8.d2","bulk","xyl","t0"
"stn8-d2-bulk-xyl-t1",1.08,1.75,"8","d2","8.d2","bulk","xyl","t1"
"stn8-d2-bulk-xyl-t2",0.46,0.16,"8","d2","8.d2","bulk","xyl","t2"
"stn8-d2-bulk-xyl-t3",0,0,"8","d2","8.d2","bulk","xyl","t3"
"stn8-d2-bulk-xyl-t4",0.1,0.1,"8","d2","8.d2","bulk","xyl","t4"
"stn8-d2-bulk-xyl-t5",0.18,0.16,"8","d2","8.d2","bulk","xyl","t5"
"stn8-d2-bulk-xyl-t6",0.14,0.15,"8","d2","8.d2","bulk","xyl","t6"
"stn8-d3-bulk-ara-t0",0,0,"8","d3","8.d3","bulk","ara","t0"
"stn8-d3-bulk-ara-t1",1.51,0.64,"8","d3","8.d3","bulk","ara","t1"
"stn8-d3-bulk-ara-t2",0.99,0.25,"8","d3","8.d3","bulk","ara","t2"
"stn8-d3-bulk-ara-t3",0.14,0.12,"8","d3","8.d3","bulk","ara","t3"
"stn8-d3-bulk-ara-t4",0,0,"8","d3","8.d3","bulk","ara","t4"
"stn8-d3-bulk-ara-t5",0.06,0.05,"8","d3","8.d3","bulk","ara","t5"
"stn8-d3-bulk-ara-t6",0.01,0.01,"8","d3","8.d3","bulk","ara","t6"
"stn8-d3-bulk-chon-t0",0,0,"8","d3","8.d3","bulk","chon","t0"
"stn8-d3-bulk-chon-t1",0.44,0.56,"8","d3","8.d3","bulk","chon","t1"
"stn8-d3-bulk-chon-t2",3.26,1.05,"8","d3","8.d3","bulk","chon","t2"
"stn8-d3-bulk-chon-t3",7.13,0.3,"8","d3","8.d3","bulk","chon","t3"
"stn8-d3-bulk-chon-t4",4.07,0.58,"8","d3","8.d3","bulk","chon","t4"
"stn8-d3-bulk-chon-t5",2.63,0.34,"8","d3","8.d3","bulk","chon","t5"
"stn8-d3-bulk-chon-t6",1.33,0.07,"8","d3","8.d3","bulk","chon","t6"
"stn8-d3-bulk-fuc-t0",0,0,"8","d3","8.d3","bulk","fuc","t0"
"stn8-d3-bulk-fuc-t1",2.33,3.98,"8","d3","8.d3","bulk","fuc","t1"
"stn8-d3-bulk-fuc-t2",3.55,6.11,"8","d3","8.d3","bulk","fuc","t2"
"stn8-d3-bulk-fuc-t3",0.64,0.64,"8","d3","8.d3","bulk","fuc","t3"
"stn8-d3-bulk-fuc-t4",0.49,0.3,"8","d3","8.d3","bulk","fuc","t4"
"stn8-d3-bulk-fuc-t5",0.24,0.41,"8","d3","8.d3","bulk","fuc","t5"
"stn8-d3-bulk-fuc-t6",0.95,0.51,"8","d3","8.d3","bulk","fuc","t6"
"stn8-d3-bulk-lam-t0",0,0,"8","d3","8.d3","bulk","lam","t0"
"stn8-d3-bulk-lam-t1",0.22,0.28,"8","d3","8.d3","bulk","lam","t1"
"stn8-d3-bulk-lam-t2",0.25,0.31,"8","d3","8.d3","bulk","lam","t2"
"stn8-d3-bulk-lam-t3",4.71,0.61,"8","d3","8.d3","bulk","lam","t3"
"stn8-d3-bulk-lam-t4",0.54,0.23,"8","d3","8.d3","bulk","lam","t4"
"stn8-d3-bulk-lam-t5",0,0,"8","d3","8.d3","bulk","lam","t5"
"stn8-d3-bulk-lam-t6",0.01,0.01,"8","d3","8.d3","bulk","lam","t6"
"stn8-d3-bulk-pul-t0",0,0,"8","d3","8.d3","bulk","pul","t0"
"stn8-d3-bulk-pul-t1",16.63,28.81,"8","d3","8.d3","bulk","pul","t1"
"stn8-d3-bulk-pul-t2",1.27,1.44,"8","d3","8.d3","bulk","pul","t2"
"stn8-d3-bulk-pul-t3",2.12,3.38,"8","d3","8.d3","bulk","pul","t3"
"stn8-d3-bulk-pul-t4",0.13,0.19,"8","d3","8.d3","bulk","pul","t4"
"stn8-d3-bulk-pul-t5",0.05,0.09,"8","d3","8.d3","bulk","pul","t5"
"stn8-d3-bulk-pul-t6",0.02,0.04,"8","d3","8.d3","bulk","pul","t6"
"stn8-d3-bulk-xyl-t0",0,0,"8","d3","8.d3","bulk","xyl","t0"
"stn8-d3-bulk-xyl-t1",0.69,0.61,"8","d3","8.d3","bulk","xyl","t1"
"stn8-d3-bulk-xyl-t2",0.99,0.53,"8","d3","8.d3","bulk","xyl","t2"
"stn8-d3-bulk-xyl-t3",0.17,0.08,"8","d3","8.d3","bulk","xyl","t3"
"stn8-d3-bulk-xyl-t4",1.38,0.29,"8","d3","8.d3","bulk","xyl","t4"
"stn8-d3-bulk-xyl-t5",1.5,0.58,"8","d3","8.d3","bulk","xyl","t5"
"stn8-d3-bulk-xyl-t6",0.85,0.21,"8","d3","8.d3","bulk","xyl","t6"
"stn8-d4-bulk-ara-t0",0,0,"8","d4","8.d4","bulk","ara","t0"
"stn8-d4-bulk-ara-t1",0,0,"8","d4","8.d4","bulk","ara","t1"
"stn8-d4-bulk-ara-t2",0,0,"8","d4","8.d4","bulk","ara","t2"
"stn8-d4-bulk-ara-t3",0.19,0.02,"8","d4","8.d4","bulk","ara","t3"
"stn8-d4-bulk-ara-t4",0.15,0.21,"8","d4","8.d4","bulk","ara","t4"
"stn8-d4-bulk-ara-t5",0,0,"8","d4","8.d4","bulk","ara","t5"
"stn8-d4-bulk-ara-t6",0,0,"8","d4","8.d4","bulk","ara","t6"
"stn8-d4-bulk-chon-t0",0,0,"8","d4","8.d4","bulk","chon","t0"
"stn8-d4-bulk-chon-t1",0,0,"8","d4","8.d4","bulk","chon","t1"
"stn8-d4-bulk-chon-t2",0,0,"8","d4","8.d4","bulk","chon","t2"
"stn8-d4-bulk-chon-t3",0.44,0.15,"8","d4","8.d4","bulk","chon","t3"
"stn8-d4-bulk-chon-t4",2.92,1.83,"8","d4","8.d4","bulk","chon","t4"
"stn8-d4-bulk-chon-t5",0.08,0.08,"8","d4","8.d4","bulk","chon","t5"
"stn8-d4-bulk-chon-t6",0.03,0.03,"8","d4","8.d4","bulk","chon","t6"
"stn8-d4-bulk-fuc-t0",0,0,"8","d4","8.d4","bulk","fuc","t0"
"stn8-d4-bulk-fuc-t1",0.8,1.39,"8","d4","8.d4","bulk","fuc","t1"
"stn8-d4-bulk-fuc-t2",0,0,"8","d4","8.d4","bulk","fuc","t2"
"stn8-d4-bulk-fuc-t3",0.11,0.11,"8","d4","8.d4","bulk","fuc","t3"
"stn8-d4-bulk-fuc-t4",0.1,0.18,"8","d4","8.d4","bulk","fuc","t4"
"stn8-d4-bulk-fuc-t5",0.12,0.2,"8","d4","8.d4","bulk","fuc","t5"
"stn8-d4-bulk-fuc-t6",0.05,0.06,"8","d4","8.d4","bulk","fuc","t6"
"stn8-d4-bulk-lam-t0",0,0,"8","d4","8.d4","bulk","lam","t0"
"stn8-d4-bulk-lam-t1",0.09,0.1,"8","d4","8.d4","bulk","lam","t1"
"stn8-d4-bulk-lam-t2",0,0.01,"8","d4","8.d4","bulk","lam","t2"
"stn8-d4-bulk-lam-t3",0.69,0.59,"8","d4","8.d4","bulk","lam","t3"
"stn8-d4-bulk-lam-t4",2.1,1.44,"8","d4","8.d4","bulk","lam","t4"
"stn8-d4-bulk-lam-t5",1.4,0.22,"8","d4","8.d4","bulk","lam","t5"
"stn8-d4-bulk-lam-t6",0,0,"8","d4","8.d4","bulk","lam","t6"
"stn8-d4-bulk-pul-t0",0,0,"8","d4","8.d4","bulk","pul","t0"
"stn8-d4-bulk-pul-t1",1.44,1.41,"8","d4","8.d4","bulk","pul","t1"
"stn8-d4-bulk-pul-t2",4.64,7.44,"8","d4","8.d4","bulk","pul","t2"
"stn8-d4-bulk-pul-t3",1.62,2.2,"8","d4","8.d4","bulk","pul","t3"
"stn8-d4-bulk-pul-t4",1.48,1.56,"8","d4","8.d4","bulk","pul","t4"
"stn8-d4-bulk-pul-t5",0.06,0.05,"8","d4","8.d4","bulk","pul","t5"
"stn8-d4-bulk-pul-t6",0.07,0.07,"8","d4","8.d4","bulk","pul","t6"
"stn8-d4-bulk-xyl-t0",0,0,"8","d4","8.d4","bulk","xyl","t0"
"stn8-d4-bulk-xyl-t1",0.33,0.22,"8","d4","8.d4","bulk","xyl","t1"
"stn8-d4-bulk-xyl-t2",0.01,0.01,"8","d4","8.d4","bulk","xyl","t2"
"stn8-d4-bulk-xyl-t3",0.02,0.04,"8","d4","8.d4","bulk","xyl","t3"
"stn8-d4-bulk-xyl-t4",0.9,0.88,"8","d4","8.d4","bulk","xyl","t4"
"stn8-d4-bulk-xyl-t5",2.3,0.64,"8","d4","8.d4","bulk","xyl","t5"
"stn8-d4-bulk-xyl-t6",1.12,0.06,"8","d4","8.d4","bulk","xyl","t6"
"stn8-d5-bulk-ara-t0",0,0,"8","d5","8.d5","bulk","ara","t0"
"stn8-d5-bulk-ara-t1",0.09,0.16,"8","d5","8.d5","bulk","ara","t1"
"stn8-d5-bulk-ara-t2",0,0,"8","d5","8.d5","bulk","ara","t2"
"stn8-d5-bulk-ara-t3",0,0,"8","d5","8.d5","bulk","ara","t3"
"stn8-d5-bulk-ara-t4",0,0,"8","d5","8.d5","bulk","ara","t4"
"stn8-d5-bulk-ara-t5",0,0,"8","d5","8.d5","bulk","ara","t5"
"stn8-d5-bulk-ara-t6",0.13,0.22,"8","d5","8.d5","bulk","ara","t6"
"stn8-d5-bulk-chon-t0",0,0,"8","d5","8.d5","bulk","chon","t0"
"stn8-d5-bulk-chon-t1",0.64,0.31,"8","d5","8.d5","bulk","chon","t1"
"stn8-d5-bulk-chon-t2",0.19,0.31,"8","d5","8.d5","bulk","chon","t2"
"stn8-d5-bulk-chon-t3",1.69,2.25,"8","d5","8.d5","bulk","chon","t3"
"stn8-d5-bulk-chon-t4",2.57,2.25,"8","d5","8.d5","bulk","chon","t4"
"stn8-d5-bulk-chon-t5",0,0,"8","d5","8.d5","bulk","chon","t5"
"stn8-d5-bulk-chon-t6",0.07,0.05,"8","d5","8.d5","bulk","chon","t6"
"stn8-d5-bulk-fuc-t0",0,0,"8","d5","8.d5","bulk","fuc","t0"
"stn8-d5-bulk-fuc-t1",2.32,1.26,"8","d5","8.d5","bulk","fuc","t1"
"stn8-d5-bulk-fuc-t2",1.44,0.76,"8","d5","8.d5","bulk","fuc","t2"
"stn8-d5-bulk-fuc-t3",1.72,2.95,"8","d5","8.d5","bulk","fuc","t3"
"stn8-d5-bulk-fuc-t4",0.6,0.68,"8","d5","8.d5","bulk","fuc","t4"
"stn8-d5-bulk-fuc-t5",0.06,0.1,"8","d5","8.d5","bulk","fuc","t5"
"stn8-d5-bulk-fuc-t6",0.31,0.12,"8","d5","8.d5","bulk","fuc","t6"
"stn8-d5-bulk-lam-t0",0,0,"8","d5","8.d5","bulk","lam","t0"
"stn8-d5-bulk-lam-t1",0.03,0.02,"8","d5","8.d5","bulk","lam","t1"
"stn8-d5-bulk-lam-t2",7.06,3.58,"8","d5","8.d5","bulk","lam","t2"
"stn8-d5-bulk-lam-t3",3.77,3.32,"8","d5","8.d5","bulk","lam","t3"
"stn8-d5-bulk-lam-t4",2.89,0.13,"8","d5","8.d5","bulk","lam","t4"
"stn8-d5-bulk-lam-t5",1.99,0.09,"8","d5","8.d5","bulk","lam","t5"
"stn8-d5-bulk-lam-t6",0.83,0.05,"8","d5","8.d5","bulk","lam","t6"
"stn8-d5-bulk-pul-t0",0,0,"8","d5","8.d5","bulk","pul","t0"
"stn8-d5-bulk-pul-t1",6.19,9.83,"8","d5","8.d5","bulk","pul","t1"
"stn8-d5-bulk-pul-t2",1.08,1.82,"8","d5","8.d5","bulk","pul","t2"
"stn8-d5-bulk-pul-t3",0.9,0.78,"8","d5","8.d5","bulk","pul","t3"
"stn8-d5-bulk-pul-t4",0.96,1.18,"8","d5","8.d5","bulk","pul","t4"
"stn8-d5-bulk-pul-t5",0.08,0.14,"8","d5","8.d5","bulk","pul","t5"
"stn8-d5-bulk-pul-t6",0.03,0.03,"8","d5","8.d5","bulk","pul","t6"
"stn8-d5-bulk-xyl-t0",0,0,"8","d5","8.d5","bulk","xyl","t0"
"stn8-d5-bulk-xyl-t1",1.11,1.84,"8","d5","8.d5","bulk","xyl","t1"
"stn8-d5-bulk-xyl-t2",0.52,0.88,"8","d5","8.d5","bulk","xyl","t2"
"stn8-d5-bulk-xyl-t3",0.6,1.03,"8","d5","8.d5","bulk","xyl","t3"
"stn8-d5-bulk-xyl-t4",1.61,2.16,"8","d5","8.d5","bulk","xyl","t4"
"stn8-d5-bulk-xyl-t5",2.56,0.1,"8","d5","8.d5","bulk","xyl","t5"
"stn8-d5-bulk-xyl-t6",1.02,0.17,"8","d5","8.d5","bulk","xyl","t6"
"stn1-d1-bulk-ara-t0",0,0,"1","d1","1.d1","bulk","ara","t0"
"stn1-d1-bulk-ara-t1",0.11,0.1,"1","d1","1.d1","bulk","ara","t1"
"stn1-d1-bulk-ara-t2",0,0,"1","d1","1.d1","bulk","ara","t2"
"stn1-d1-bulk-ara-t3",0.16,0.09,"1","d1","1.d1","bulk","ara","t3"
"stn1-d1-bulk-ara-t4",0,0,"1","d1","1.d1","bulk","ara","t4"
"stn1-d1-bulk-ara-t5",0.1,0.07,"1","d1","1.d1","bulk","ara","t5"
"stn1-d1-bulk-ara-t6",0.16,0.1,"1","d1","1.d1","bulk","ara","t6"
"stn1-d1-bulk-fuc-t0",0,0,"1","d1","1.d1","bulk","fuc","t0"
"stn1-d1-bulk-fuc-t1",3.56,6.16,"1","d1","1.d1","bulk","fuc","t1"
"stn1-d1-bulk-fuc-t2",0.1,0.17,"1","d1","1.d1","bulk","fuc","t2"
"stn1-d1-bulk-fuc-t3",0.07,0.12,"1","d1","1.d1","bulk","fuc","t3"
"stn1-d1-bulk-fuc-t4",0.83,0.74,"1","d1","1.d1","bulk","fuc","t4"
"stn1-d1-bulk-fuc-t5",0.31,0.49,"1","d1","1.d1","bulk","fuc","t5"
"stn1-d1-bulk-fuc-t6",0.32,0.2,"1","d1","1.d1","bulk","fuc","t6"
"stn1-d2-bulk-ara-t0",0,0,"1","d2","1.d2","bulk","ara","t0"
"stn1-d2-bulk-ara-t1",0.53,0.46,"1","d2","1.d2","bulk","ara","t1"
"stn1-d2-bulk-ara-t2",0.24,0.04,"1","d2","1.d2","bulk","ara","t2"
"stn1-d2-bulk-ara-t3",0.03,0.02,"1","d2","1.d2","bulk","ara","t3"
"stn1-d2-bulk-ara-t4",0.01,0.01,"1","d2","1.d2","bulk","ara","t4"
"stn1-d2-bulk-ara-t5",0.1,0.05,"1","d2","1.d2","bulk","ara","t5"
"stn1-d2-bulk-ara-t6",1.33,0.09,"1","d2","1.d2","bulk","ara","t6"
"stn1-d2-bulk-fuc-t0",0,0,"1","d2","1.d2","bulk","fuc","t0"
"stn1-d2-bulk-fuc-t1",0.53,0.92,"1","d2","1.d2","bulk","fuc","t1"
"stn1-d2-bulk-fuc-t2",1.47,1.26,"1","d2","1.d2","bulk","fuc","t2"
"stn1-d2-bulk-fuc-t3",0.03,0.05,"1","d2","1.d2","bulk","fuc","t3"
"stn1-d2-bulk-fuc-t4",1.25,1.45,"1","d2","1.d2","bulk","fuc","t4"
"stn1-d2-bulk-fuc-t5",0.74,0.62,"1","d2","1.d2","bulk","fuc","t5"
"stn1-d2-bulk-fuc-t6",1.3,0.17,"1","d2","1.d2","bulk","fuc","t6"
"stn1-d2-bulk-xyl-t0",0,0,"1","d2","1.d2","bulk","xyl","t0"
"stn1-d2-bulk-xyl-t1",1.48,0.32,"1","d2","1.d2","bulk","xyl","t1"
"stn1-d2-bulk-xyl-t2",0.67,0.55,"1","d2","1.d2","bulk","xyl","t2"
"stn1-d2-bulk-xyl-t3",4.46,0.93,"1","d2","1.d2","bulk","xyl","t3"
"stn1-d2-bulk-xyl-t4",3.54,0.14,"1","d2","1.d2","bulk","xyl","t4"
"stn1-d2-bulk-xyl-t5",2.16,0.06,"1","d2","1.d2","bulk","xyl","t5"
"stn1-d2-bulk-xyl-t6",0.86,0.01,"1","d2","1.d2","bulk","xyl","t6"
"stn2-d2-bulk-ara-t0",0,0,"2","d2","2.d2","bulk","ara","t0"
"stn2-d2-bulk-ara-t1",0,0,"2","d2","2.d2","bulk","ara","t1"
"stn2-d2-bulk-ara-t2",0.09,0.08,"2","d2","2.d2","bulk","ara","t2"
"stn2-d2-bulk-ara-t3",0.03,0.05,"2","d2","2.d2","bulk","ara","t3"
"stn2-d2-bulk-ara-t4",0.03,0.03,"2","d2","2.d2","bulk","ara","t4"
"stn2-d2-bulk-ara-t5",0.04,0.04,"2","d2","2.d2","bulk","ara","t5"
"stn2-d2-bulk-ara-t6",0.98,0.09,"2","d2","2.d2","bulk","ara","t6"
"stn2-d2-bulk-fuc-t0",0,0,"2","d2","2.d2","bulk","fuc","t0"
"stn2-d2-bulk-fuc-t1",3.48,6.03,"2","d2","2.d2","bulk","fuc","t1"
"stn2-d2-bulk-fuc-t2",2.85,3.55,"2","d2","2.d2","bulk","fuc","t2"
"stn2-d2-bulk-fuc-t3",0.63,1.09,"2","d2","2.d2","bulk","fuc","t3"
"stn2-d2-bulk-fuc-t4",1.93,2.46,"2","d2","2.d2","bulk","fuc","t4"
"stn2-d2-bulk-fuc-t5",0.97,0.43,"2","d2","2.d2","bulk","fuc","t5"
"stn2-d2-bulk-fuc-t6",1.22,0.29,"2","d2","2.d2","bulk","fuc","t6"
"stn2-d2-bulk-xyl-t0",0,0,"2","d2","2.d2","bulk","xyl","t0"
"stn2-d2-bulk-xyl-t1",4.27,3.7,"2","d2","2.d2","bulk","xyl","t1"
"stn2-d2-bulk-xyl-t2",10.25,1.68,"2","d2","2.d2","bulk","xyl","t2"
"stn2-d2-bulk-xyl-t3",3.56,2.49,"2","d2","2.d2","bulk","xyl","t3"
"stn2-d2-bulk-xyl-t4",2.27,1.8,"2","d2","2.d2","bulk","xyl","t4"
"stn2-d2-bulk-xyl-t5",1.29,1.02,"2","d2","2.d2","bulk","xyl","t5"
"stn2-d2-bulk-xyl-t6",0.89,0.19,"2","d2","2.d2","bulk","xyl","t6"
"stn4-d1-bulk-ara-t0",0,0,"4","d1","4.d1","bulk","ara","t0"
"stn4-d1-bulk-ara-t1",0.76,0.64,"4","d1","4.d1","bulk","ara","t1"
"stn4-d1-bulk-ara-t2",0,0,"4","d1","4.d1","bulk","ara","t2"
"stn4-d1-bulk-ara-t3",0.22,0.19,"4","d1","4.d1","bulk","ara","t3"
"stn4-d1-bulk-ara-t4",0.02,0.04,"4","d1","4.d1","bulk","ara","t4"
"stn4-d1-bulk-ara-t5",0.11,0.07,"4","d1","4.d1","bulk","ara","t5"
"stn4-d1-bulk-ara-t6",0.07,0.03,"4","d1","4.d1","bulk","ara","t6"
"stn4-d1-bulk-chon-t0",0,0,"4","d1","4.d1","bulk","chon","t0"
"stn4-d1-bulk-chon-t1",0.35,0.52,"4","d1","4.d1","bulk","chon","t1"
"stn4-d1-bulk-chon-t2",5.55,0.57,"4","d1","4.d1","bulk","chon","t2"
"stn4-d1-bulk-chon-t3",8.46,0.52,"4","d1","4.d1","bulk","chon","t3"
"stn4-d1-bulk-chon-t4",5.51,0.33,"4","d1","4.d1","bulk","chon","t4"
"stn4-d1-bulk-chon-t5",3.38,0.08,"4","d1","4.d1","bulk","chon","t5"
"stn4-d1-bulk-chon-t6",1.47,0.05,"4","d1","4.d1","bulk","chon","t6"
"stn4-d1-bulk-fuc-t0",0,0,"4","d1","4.d1","bulk","fuc","t0"
"stn4-d1-bulk-fuc-t1",0,0,"4","d1","4.d1","bulk","fuc","t1"
"stn4-d1-bulk-fuc-t2",0,0,"4","d1","4.d1","bulk","fuc","t2"
"stn4-d1-bulk-fuc-t3",0,0,"4","d1","4.d1","bulk","fuc","t3"
"stn4-d1-bulk-fuc-t4",0,0,"4","d1","4.d1","bulk","fuc","t4"
"stn4-d1-bulk-fuc-t5",0.09,0.16,"4","d1","4.d1","bulk","fuc","t5"
"stn4-d1-bulk-fuc-t6",0.09,0.15,"4","d1","4.d1","bulk","fuc","t6"
"stn4-d1-bulk-lam-t0",0,0,"4","d1","4.d1","bulk","lam","t0"
"stn4-d1-bulk-lam-t1",1.76,2.62,"4","d1","4.d1","bulk","lam","t1"
"stn4-d1-bulk-lam-t2",3.05,0.67,"4","d1","4.d1","bulk","lam","t2"
"stn4-d1-bulk-lam-t3",5.08,1.02,"4","d1","4.d1","bulk","lam","t3"
"stn4-d1-bulk-lam-t4",3.19,0.36,"4","d1","4.d1","bulk","lam","t4"
"stn4-d1-bulk-lam-t5",2.09,0.04,"4","d1","4.d1","bulk","lam","t5"
"stn4-d1-bulk-lam-t6",1.01,0.02,"4","d1","4.d1","bulk","lam","t6"
"stn4-d1-bulk-pul-t0",0,0,"4","d1","4.d1","bulk","pul","t0"
"stn4-d1-bulk-pul-t1",4.22,4.39,"4","d1","4.d1","bulk","pul","t1"
"stn4-d1-bulk-pul-t2",5.46,2.38,"4","d1","4.d1","bulk","pul","t2"
"stn4-d1-bulk-pul-t3",1.41,1.97,"4","d1","4.d1","bulk","pul","t3"
"stn4-d1-bulk-pul-t4",0.62,0.62,"4","d1","4.d1","bulk","pul","t4"
"stn4-d1-bulk-pul-t5",0.33,0.05,"4","d1","4.d1","bulk","pul","t5"
"stn4-d1-bulk-pul-t6",0.21,0.09,"4","d1","4.d1","bulk","pul","t6"
"stn4-d1-bulk-xyl-t0",0,0,"4","d1","4.d1","bulk","xyl","t0"
"stn4-d1-bulk-xyl-t1",0.89,1.24,"4","d1","4.d1","bulk","xyl","t1"
"stn4-d1-bulk-xyl-t2",0,0,"4","d1","4.d1","bulk","xyl","t2"
"stn4-d1-bulk-xyl-t3",0.55,0.5,"4","d1","4.d1","bulk","xyl","t3"
"stn4-d1-bulk-xyl-t4",2.14,0.72,"4","d1","4.d1","bulk","xyl","t4"
"stn4-d1-bulk-xyl-t5",1.92,0.07,"4","d1","4.d1","bulk","xyl","t5"
"stn4-d1-bulk-xyl-t6",0.71,0.01,"4","d1","4.d1","bulk","xyl","t6"
"stn4-d2-bulk-ara-t0",0,0,"4","d2","4.d2","bulk","ara","t0"
"stn4-d2-bulk-ara-t1",0,0,"4","d2","4.d2","bulk","ara","t1"
"stn4-d2-bulk-ara-t2",0.47,0.23,"4","d2","4.d2","bulk","ara","t2"
"stn4-d2-bulk-ara-t3",0.05,0.07,"4","d2","4.d2","bulk","ara","t3"
"stn4-d2-bulk-ara-t4",0.07,0.08,"4","d2","4.d2","bulk","ara","t4"
"stn4-d2-bulk-ara-t5",0.07,0.06,"4","d2","4.d2","bulk","ara","t5"
"stn4-d2-bulk-ara-t6",1.12,0.14,"4","d2","4.d2","bulk","ara","t6"
"stn4-d2-bulk-chon-t0",0,0,"4","d2","4.d2","bulk","chon","t0"
"stn4-d2-bulk-chon-t1",0,0,"4","d2","4.d2","bulk","chon","t1"
"stn4-d2-bulk-chon-t2",17.56,1.28,"4","d2","4.d2","bulk","chon","t2"
"stn4-d2-bulk-chon-t3",8.38,0.22,"4","d2","4.d2","bulk","chon","t3"
"stn4-d2-bulk-chon-t4",5.51,0.34,"4","d2","4.d2","bulk","chon","t4"
"stn4-d2-bulk-chon-t5",3.43,0.06,"4","d2","4.d2","bulk","chon","t5"
"stn4-d2-bulk-chon-t6",1.53,0.02,"4","d2","4.d2","bulk","chon","t6"
"stn4-d2-bulk-fuc-t0",0,0,"4","d2","4.d2","bulk","fuc","t0"
"stn4-d2-bulk-fuc-t1",1,1.73,"4","d2","4.d2","bulk","fuc","t1"
"stn4-d2-bulk-fuc-t2",1.67,2.83,"4","d2","4.d2","bulk","fuc","t2"
"stn4-d2-bulk-fuc-t3",1.7,1.37,"4","d2","4.d2","bulk","fuc","t3"
"stn4-d2-bulk-fuc-t4",2.53,1.28,"4","d2","4.d2","bulk","fuc","t4"
"stn4-d2-bulk-fuc-t5",3.23,0.3,"4","d2","4.d2","bulk","fuc","t5"
"stn4-d2-bulk-fuc-t6",1.56,0.14,"4","d2","4.d2","bulk","fuc","t6"
"stn4-d2-bulk-lam-t0",0,0,"4","d2","4.d2","bulk","lam","t0"
"stn4-d2-bulk-lam-t1",0.57,0.07,"4","d2","4.d2","bulk","lam","t1"
"stn4-d2-bulk-lam-t2",14.08,1.9,"4","d2","4.d2","bulk","lam","t2"
"stn4-d2-bulk-lam-t3",7.52,1,"4","d2","4.d2","bulk","lam","t3"
"stn4-d2-bulk-lam-t4",4.62,0.29,"4","d2","4.d2","bulk","lam","t4"
"stn4-d2-bulk-lam-t5",2.71,0.15,"4","d2","4.d2","bulk","lam","t5"
"stn4-d2-bulk-lam-t6",0.65,0.04,"4","d2","4.d2","bulk","lam","t6"
"stn4-d2-bulk-pul-t0",0,0,"4","d2","4.d2","bulk","pul","t0"
"stn4-d2-bulk-pul-t1",7.04,2.83,"4","d2","4.d2","bulk","pul","t1"
"stn4-d2-bulk-pul-t2",1.76,1.27,"4","d2","4.d2","bulk","pul","t2"
"stn4-d2-bulk-pul-t3",1.35,1.45,"4","d2","4.d2","bulk","pul","t3"
"stn4-d2-bulk-pul-t4",0.48,0.47,"4","d2","4.d2","bulk","pul","t4"
"stn4-d2-bulk-pul-t5",0.13,0.12,"4","d2","4.d2","bulk","pul","t5"
"stn4-d2-bulk-pul-t6",0.09,0.11,"4","d2","4.d2","bulk","pul","t6"
"stn4-d2-bulk-xyl-t0",0,0,"4","d2","4.d2","bulk","xyl","t0"
"stn4-d2-bulk-xyl-t1",0.94,1.16,"4","d2","4.d2","bulk","xyl","t1"
"stn4-d2-bulk-xyl-t2",0.66,0.97,"4","d2","4.d2","bulk","xyl","t2"
"stn4-d2-bulk-xyl-t3",3.96,1.52,"4","d2","4.d2","bulk","xyl","t3"
"stn4-d2-bulk-xyl-t4",3.63,0.35,"4","d2","4.d2","bulk","xyl","t4"
"stn4-d2-bulk-xyl-t5",1.75,0.06,"4","d2","4.d2","bulk","xyl","t5"
"stn4-d2-bulk-xyl-t6",0.64,0.03,"4","d2","4.d2","bulk","xyl","t6"
"stn6-d1-bulk-fuc-t0",0,0,"6","d1","6.d1","bulk","fuc","t0"
"stn6-d1-bulk-fuc-t1",6.07,4.97,"6","d1","6.d1","bulk","fuc","t1"
"stn6-d1-bulk-fuc-t2",1.08,1.86,"6","d1","6.d1","bulk","fuc","t2"
"stn6-d1-bulk-fuc-t3",0.03,0.05,"6","d1","6.d1","bulk","fuc","t3"
"stn6-d1-bulk-fuc-t4",2.05,0.67,"6","d1","6.d1","bulk","fuc","t4"
"stn6-d1-bulk-fuc-t5",1.33,0.19,"6","d1","6.d1","bulk","fuc","t5"
"stn6-d1-bulk-fuc-t6",0.48,0.17,"6","d1","6.d1","bulk","fuc","t6"
"stn6-d1-bulk-lam-t0",0,0,"6","d1","6.d1","bulk","lam","t0"
"stn6-d1-bulk-lam-t1",1.46,1.41,"6","d1","6.d1","bulk","lam","t1"
"stn6-d1-bulk-lam-t2",10.85,1.36,"6","d1","6.d1","bulk","lam","t2"
"stn6-d1-bulk-lam-t3",7.14,0.74,"6","d1","6.d1","bulk","lam","t3"
"stn6-d1-bulk-lam-t4",5.4,0.55,"6","d1","6.d1","bulk","lam","t4"
"stn6-d1-bulk-lam-t5",3.68,1.18,"6","d1","6.d1","bulk","lam","t5"
"stn6-d1-bulk-lam-t6",1.43,0.15,"6","d1","6.d1","bulk","lam","t6"
"stn6-d1-bulk-pul-t0",0,0,"6","d1","6.d1","bulk","pul","t0"
"stn6-d1-bulk-pul-t1",7,12.12,"6","d1","6.d1","bulk","pul","t1"
"stn6-d1-bulk-pul-t2",1.27,2.2,"6","d1","6.d1","bulk","pul","t2"
"stn6-d1-bulk-pul-t3",0,0,"6","d1","6.d1","bulk","pul","t3"
"stn6-d1-bulk-pul-t4",1.74,1.24,"6","d1","6.d1","bulk","pul","t4"
"stn6-d1-bulk-pul-t5",0.22,0.24,"6","d1","6.d1","bulk","pul","t5"
"stn6-d1-bulk-pul-t6",0.38,0.09,"6","d1","6.d1","bulk","pul","t6"
"stn6-d1-bulk-xyl-t0",0,0,"6","d1","6.d1","bulk","xyl","t0"
"stn6-d1-bulk-xyl-t1",0.37,0.65,"6","d1","6.d1","bulk","xyl","t1"
"stn6-d1-bulk-xyl-t2",0.16,0.27,"6","d1","6.d1","bulk","xyl","t2"
"stn6-d1-bulk-xyl-t3",0.01,0.01,"6","d1","6.d1","bulk","xyl","t3"
"stn6-d1-bulk-xyl-t4",0.6,0.69,"6","d1","6.d1","bulk","xyl","t4"
"stn6-d1-bulk-xyl-t5",1.28,0.31,"6","d1","6.d1","bulk","xyl","t5"
"stn6-d1-bulk-xyl-t6",0.43,0.23,"6","d1","6.d1","bulk","xyl","t6"
"stn6-d2-bulk-fuc-t0",0,0,"6","d2","6.d2","bulk","fuc","t0"
"stn6-d2-bulk-fuc-t1",4.71,7.96,"6","d2","6.d2","bulk","fuc","t1"
"stn6-d2-bulk-fuc-t2",0.64,1.11,"6","d2","6.d2","bulk","fuc","t2"
"stn6-d2-bulk-fuc-t3",3.08,0.73,"6","d2","6.d2","bulk","fuc","t3"
"stn6-d2-bulk-fuc-t4",3.06,0.27,"6","d2","6.d2","bulk","fuc","t4"
"stn6-d2-bulk-fuc-t5",2.57,0.45,"6","d2","6.d2","bulk","fuc","t5"
"stn6-d2-bulk-fuc-t6",0.56,0.28,"6","d2","6.d2","bulk","fuc","t6"
"stn6-d2-bulk-lam-t0",0,0,"6","d2","6.d2","bulk","lam","t0"
"stn6-d2-bulk-lam-t1",23.24,20.21,"6","d2","6.d2","bulk","lam","t1"
"stn6-d2-bulk-lam-t2",10.59,8.29,"6","d2","6.d2","bulk","lam","t2"
"stn6-d2-bulk-lam-t3",5.05,4.88,"6","d2","6.d2","bulk","lam","t3"
"stn6-d2-bulk-lam-t4",2.61,2.18,"6","d2","6.d2","bulk","lam","t4"
"stn6-d2-bulk-lam-t5",2.22,1.92,"6","d2","6.d2","bulk","lam","t5"
"stn6-d2-bulk-lam-t6",1.36,0.47,"6","d2","6.d2","bulk","lam","t6"
"stn6-d2-bulk-pul-t0",0,0,"6","d2","6.d2","bulk","pul","t0"
"stn6-d2-bulk-pul-t1",3.98,6.9,"6","d2","6.d2","bulk","pul","t1"
"stn6-d2-bulk-pul-t2",5.43,9.11,"6","d2","6.d2","bulk","pul","t2"
"stn6-d2-bulk-pul-t3",1.3,2.25,"6","d2","6.d2","bulk","pul","t3"
"stn6-d2-bulk-pul-t4",1.34,0.96,"6","d2","6.d2","bulk","pul","t4"
"stn6-d2-bulk-pul-t5",0.89,1.1,"6","d2","6.d2","bulk","pul","t5"
"stn6-d2-bulk-pul-t6",0.77,0.38,"6","d2","6.d2","bulk","pul","t6"
"stn6-d2-bulk-xyl-t0",0,0,"6","d2","6.d2","bulk","xyl","t0"
"stn6-d2-bulk-xyl-t1",0.47,0.81,"6","d2","6.d2","bulk","xyl","t1"
"stn6-d2-bulk-xyl-t2",1.3,0.46,"6","d2","6.d2","bulk","xyl","t2"
"stn6-d2-bulk-xyl-t3",2.54,1.58,"6","d2","6.d2","bulk","xyl","t3"
"stn6-d2-bulk-xyl-t4",1.73,2.02,"6","d2","6.d2","bulk","xyl","t4"
"stn6-d2-bulk-xyl-t5",1.61,0.78,"6","d2","6.d2","bulk","xyl","t5"
"stn6-d2-bulk-xyl-t6",1.12,0.06,"6","d2","6.d2","bulk","xyl","t6"
"stn6-d3-bulk-fuc-t0",0,0,"6","d3","6.d3","bulk","fuc","t0"
"stn6-d3-bulk-fuc-t1",22.27,23.49,"6","d3","6.d3","bulk","fuc","t1"
"stn6-d3-bulk-fuc-t2",1.9,3.28,"6","d3","6.d3","bulk","fuc","t2"
"stn6-d3-bulk-fuc-t3",0.92,1.41,"6","d3","6.d3","bulk","fuc","t3"
"stn6-d3-bulk-fuc-t4",1.31,1.82,"6","d3","6.d3","bulk","fuc","t4"
"stn6-d3-bulk-fuc-t5",0.25,0.43,"6","d3","6.d3","bulk","fuc","t5"
"stn6-d3-bulk-fuc-t6",0.55,0.3,"6","d3","6.d3","bulk","fuc","t6"
"stn6-d3-bulk-xyl-t0",0,0,"6","d3","6.d3","bulk","xyl","t0"
"stn6-d3-bulk-xyl-t1",0.56,0.97,"6","d3","6.d3","bulk","xyl","t1"
"stn6-d3-bulk-xyl-t2",0.12,0.17,"6","d3","6.d3","bulk","xyl","t2"
"stn6-d3-bulk-xyl-t3",0.86,0.89,"6","d3","6.d3","bulk","xyl","t3"
"stn6-d3-bulk-xyl-t4",1.49,0.18,"6","d3","6.d3","bulk","xyl","t4"
"stn6-d3-bulk-xyl-t5",1.35,0.19,"6","d3","6.d3","bulk","xyl","t5"
"stn6-d3-bulk-xyl-t6",0.95,0.12,"6","d3","6.d3","bulk","xyl","t6"
"stn6-d4-bulk-fuc-t0",0,0,"6","d4","6.d4","bulk","fuc","t0"
"stn6-d4-bulk-fuc-t1",2.23,3.86,"6","d4","6.d4","bulk","fuc","t1"
"stn6-d4-bulk-fuc-t2",2.68,4.35,"6","d4","6.d4","bulk","fuc","t2"
"stn6-d4-bulk-fuc-t3",1.49,1.53,"6","d4","6.d4","bulk","fuc","t3"
"stn6-d4-bulk-fuc-t4",0.6,0.51,"6","d4","6.d4","bulk","fuc","t4"
"stn6-d4-bulk-fuc-t5",0.42,0.57,"6","d4","6.d4","bulk","fuc","t5"
"stn6-d4-bulk-fuc-t6",0.13,0.23,"6","d4","6.d4","bulk","fuc","t6"
"stn6-d4-bulk-xyl-t0",0,0,"6","d4","6.d4","bulk","xyl","t0"
"stn6-d4-bulk-xyl-t1",2.63,3.43,"6","d4","6.d4","bulk","xyl","t1"
"stn6-d4-bulk-xyl-t2",0.81,1.26,"6","d4","6.d4","bulk","xyl","t2"
"stn6-d4-bulk-xyl-t3",0.62,0.8,"6","d4","6.d4","bulk","xyl","t3"
"stn6-d4-bulk-xyl-t4",0.23,0.33,"6","d4","6.d4","bulk","xyl","t4"
"stn6-d4-bulk-xyl-t5",0.11,0.18,"6","d4","6.d4","bulk","xyl","t5"
"stn6-d4-bulk-xyl-t6",0.47,0.11,"6","d4","6.d4","bulk","xyl","t6"
"stn6-d5-bulk-fuc-t0",0,0,"6","d5","6.d5","bulk","fuc","t0"
"stn6-d5-bulk-fuc-t1",2.95,4.16,"6","d5","6.d5","bulk","fuc","t1"
"stn6-d5-bulk-fuc-t2",1.28,0.86,"6","d5","6.d5","bulk","fuc","t2"
"stn6-d5-bulk-fuc-t3",0.98,0.75,"6","d5","6.d5","bulk","fuc","t3"
"stn6-d5-bulk-fuc-t4",0.68,0.84,"6","d5","6.d5","bulk","fuc","t4"
"stn6-d5-bulk-fuc-t5",0.36,0.26,"6","d5","6.d5","bulk","fuc","t5"
"stn6-d5-bulk-fuc-t6",6.38,7.87,"6","d5","6.d5","bulk","fuc","t6"
"stn7-d1-bulk-ara-t0",0,0,"7","d1","7.d1","bulk","ara","t0"
"stn7-d1-bulk-ara-t1",0,0,"7","d1","7.d1","bulk","ara","t1"
"stn7-d1-bulk-ara-t2",0.23,0.22,"7","d1","7.d1","bulk","ara","t2"
"stn7-d1-bulk-ara-t3",0.1,0.08,"7","d1","7.d1","bulk","ara","t3"
"stn7-d1-bulk-ara-t4",0,0,"7","d1","7.d1","bulk","ara","t4"
"stn7-d1-bulk-ara-t5",0.17,0.13,"7","d1","7.d1","bulk","ara","t5"
"stn7-d1-bulk-ara-t6",0.17,0.15,"7","d1","7.d1","bulk","ara","t6"
"stn7-d1-bulk-chon-t0",0,0,"7","d1","7.d1","bulk","chon","t0"
"stn7-d1-bulk-chon-t1",12.18,0.03,"7","d1","7.d1","bulk","chon","t1"
"stn7-d1-bulk-chon-t2",17.68,1.17,"7","d1","7.d1","bulk","chon","t2"
"stn7-d1-bulk-chon-t3",8.53,0.89,"7","d1","7.d1","bulk","chon","t3"
"stn7-d1-bulk-chon-t4",5.36,0.33,"7","d1","7.d1","bulk","chon","t4"
"stn7-d1-bulk-chon-t5",3.14,0.25,"7","d1","7.d1","bulk","chon","t5"
"stn7-d1-bulk-chon-t6",1.38,0.06,"7","d1","7.d1","bulk","chon","t6"
"stn7-d1-bulk-fuc-t0",0,0,"7","d1","7.d1","bulk","fuc","t0"
"stn7-d1-bulk-fuc-t1",0,0,"7","d1","7.d1","bulk","fuc","t1"
"stn7-d1-bulk-fuc-t2",0,0,"7","d1","7.d1","bulk","fuc","t2"
"stn7-d1-bulk-fuc-t3",0.21,0.27,"7","d1","7.d1","bulk","fuc","t3"
"stn7-d1-bulk-fuc-t4",0.21,0.37,"7","d1","7.d1","bulk","fuc","t4"
"stn7-d1-bulk-fuc-t5",0,0,"7","d1","7.d1","bulk","fuc","t5"
"stn7-d1-bulk-fuc-t6",0,0,"7","d1","7.d1","bulk","fuc","t6"
"stn7-d1-bulk-lam-t0",0,0,"7","d1","7.d1","bulk","lam","t0"
"stn7-d1-bulk-lam-t1",1.99,1.26,"7","d1","7.d1","bulk","lam","t1"
"stn7-d1-bulk-lam-t2",0.1,0.17,"7","d1","7.d1","bulk","lam","t2"
"stn7-d1-bulk-lam-t3",3.71,0.99,"7","d1","7.d1","bulk","lam","t3"
"stn7-d1-bulk-lam-t4",1.48,0.38,"7","d1","7.d1","bulk","lam","t4"
"stn7-d1-bulk-lam-t5",0.92,0.26,"7","d1","7.d1","bulk","lam","t5"
"stn7-d1-bulk-lam-t6",0.64,0.14,"7","d1","7.d1","bulk","lam","t6"
"stn7-d1-bulk-pul-t0",0,0,"7","d1","7.d1","bulk","pul","t0"
"stn7-d1-bulk-pul-t1",1.37,2.38,"7","d1","7.d1","bulk","pul","t1"
"stn7-d1-bulk-pul-t2",0.02,0.04,"7","d1","7.d1","bulk","pul","t2"
"stn7-d1-bulk-pul-t3",0.01,0.01,"7","d1","7.d1","bulk","pul","t3"
"stn7-d1-bulk-pul-t4",0.08,0.13,"7","d1","7.d1","bulk","pul","t4"
"stn7-d1-bulk-pul-t5",0.13,0.11,"7","d1","7.d1","bulk","pul","t5"
"stn7-d1-bulk-pul-t6",0.12,0.11,"7","d1","7.d1","bulk","pul","t6"
"stn7-d1-bulk-xyl-t0",0,0,"7","d1","7.d1","bulk","xyl","t0"
"stn7-d1-bulk-xyl-t1",0.05,0.1,"7","d1","7.d1","bulk","xyl","t1"
"stn7-d1-bulk-xyl-t2",5.47,1.2,"7","d1","7.d1","bulk","xyl","t2"
"stn7-d1-bulk-xyl-t3",0.01,0.02,"7","d1","7.d1","bulk","xyl","t3"
"stn7-d1-bulk-xyl-t4",0.23,0.24,"7","d1","7.d1","bulk","xyl","t4"
"stn7-d1-bulk-xyl-t5",0.12,0.21,"7","d1","7.d1","bulk","xyl","t5"
"stn7-d1-bulk-xyl-t6",0,0.01,"7","d1","7.d1","bulk","xyl","t6"
"stn7-d2-bulk-ara-t0",0,0,"7","d2","7.d2","bulk","ara","t0"
"stn7-d2-bulk-ara-t1",0,0,"7","d2","7.d2","bulk","ara","t1"
"stn7-d2-bulk-ara-t2",0.11,0.06,"7","d2","7.d2","bulk","ara","t2"
"stn7-d2-bulk-ara-t3",0,0,"7","d2","7.d2","bulk","ara","t3"
"stn7-d2-bulk-ara-t4",0,0,"7","d2","7.d2","bulk","ara","t4"
"stn7-d2-bulk-ara-t5",0,0,"7","d2","7.d2","bulk","ara","t5"
"stn7-d2-bulk-ara-t6",0.78,0.04,"7","d2","7.d2","bulk","ara","t6"
"stn7-d2-bulk-chon-t0",0,0,"7","d2","7.d2","bulk","chon","t0"
"stn7-d2-bulk-chon-t1",17.13,2.82,"7","d2","7.d2","bulk","chon","t1"
"stn7-d2-bulk-chon-t2",13.12,2.99,"7","d2","7.d2","bulk","chon","t2"
"stn7-d2-bulk-chon-t3",7.34,1.98,"7","d2","7.d2","bulk","chon","t3"
"stn7-d2-bulk-chon-t4",1.99,2.78,"7","d2","7.d2","bulk","chon","t4"
"stn7-d2-bulk-chon-t5",3.15,0.44,"7","d2","7.d2","bulk","chon","t5"
"stn7-d2-bulk-chon-t6",1.29,0.2,"7","d2","7.d2","bulk","chon","t6"
"stn7-d2-bulk-fuc-t0",0,0,"7","d2","7.d2","bulk","fuc","t0"
"stn7-d2-bulk-fuc-t1",1.98,3.44,"7","d2","7.d2","bulk","fuc","t1"
"stn7-d2-bulk-fuc-t2",3.01,2.09,"7","d2","7.d2","bulk","fuc","t2"
"stn7-d2-bulk-fuc-t3",3.17,2.52,"7","d2","7.d2","bulk","fuc","t3"
"stn7-d2-bulk-fuc-t4",0.55,0.4,"7","d2","7.d2","bulk","fuc","t4"
"stn7-d2-bulk-fuc-t5",2.19,0.29,"7","d2","7.d2","bulk","fuc","t5"
"stn7-d2-bulk-fuc-t6",1.18,0.06,"7","d2","7.d2","bulk","fuc","t6"
"stn7-d2-bulk-lam-t0",0,0,"7","d2","7.d2","bulk","lam","t0"
"stn7-d2-bulk-lam-t1",0.17,0.17,"7","d2","7.d2","bulk","lam","t1"
"stn7-d2-bulk-lam-t2",8.3,1.35,"7","d2","7.d2","bulk","lam","t2"
"stn7-d2-bulk-lam-t3",5.04,0.39,"7","d2","7.d2","bulk","lam","t3"
"stn7-d2-bulk-lam-t4",2.24,0.3,"7","d2","7.d2","bulk","lam","t4"
"stn7-d2-bulk-lam-t5",0.99,0.12,"7","d2","7.d2","bulk","lam","t5"
"stn7-d2-bulk-lam-t6",0.56,0.02,"7","d2","7.d2","bulk","lam","t6"
"stn7-d2-bulk-pul-t0",0,0,"7","d2","7.d2","bulk","pul","t0"
"stn7-d2-bulk-pul-t1",3.82,3.64,"7","d2","7.d2","bulk","pul","t1"
"stn7-d2-bulk-pul-t2",0.46,0.64,"7","d2","7.d2","bulk","pul","t2"
"stn7-d2-bulk-pul-t3",0.16,0.23,"7","d2","7.d2","bulk","pul","t3"
"stn7-d2-bulk-pul-t4",0.39,0.34,"7","d2","7.d2","bulk","pul","t4"
"stn7-d2-bulk-pul-t5",0.62,0.49,"7","d2","7.d2","bulk","pul","t5"
"stn7-d2-bulk-pul-t6",0.51,0.12,"7","d2","7.d2","bulk","pul","t6"
"stn7-d2-bulk-xyl-t0",0,0,"7","d2","7.d2","bulk","xyl","t0"
"stn7-d2-bulk-xyl-t1",0.28,0.48,"7","d2","7.d2","bulk","xyl","t1"
"stn7-d2-bulk-xyl-t2",0.17,0.26,"7","d2","7.d2","bulk","xyl","t2"
"stn7-d2-bulk-xyl-t3",0.13,0.14,"7","d2","7.d2","bulk","xyl","t3"
"stn7-d2-bulk-xyl-t4",0.65,0.46,"7","d2","7.d2","bulk","xyl","t4"
"stn7-d2-bulk-xyl-t5",1.01,0.79,"7","d2","7.d2","bulk","xyl","t5"
"stn7-d2-bulk-xyl-t6",0.64,0.22,"7","d2","7.d2","bulk","xyl","t6"
"stn7-d3-bulk-ara-t0",0,0,"7","d3","7.d3","bulk","ara","t0"
"stn7-d3-bulk-ara-t1",0,0,"7","d3","7.d3","bulk","ara","t1"
"stn7-d3-bulk-ara-t2",0,0,"7","d3","7.d3","bulk","ara","t2"
"stn7-d3-bulk-ara-t3",0,0,"7","d3","7.d3","bulk","ara","t3"
"stn7-d3-bulk-ara-t4",0,0,"7","d3","7.d3","bulk","ara","t4"
"stn7-d3-bulk-ara-t5",0,0,"7","d3","7.d3","bulk","ara","t5"
"stn7-d3-bulk-ara-t6",0.01,0.01,"7","d3","7.d3","bulk","ara","t6"
"stn7-d3-bulk-chon-t0",0,0,"7","d3","7.d3","bulk","chon","t0"
"stn7-d3-bulk-chon-t1",0.07,0.06,"7","d3","7.d3","bulk","chon","t1"
"stn7-d3-bulk-chon-t2",10.08,8.31,"7","d3","7.d3","bulk","chon","t2"
"stn7-d3-bulk-chon-t3",7.54,0.83,"7","d3","7.d3","bulk","chon","t3"
"stn7-d3-bulk-chon-t4",4.21,0.81,"7","d3","7.d3","bulk","chon","t4"
"stn7-d3-bulk-chon-t5",2.9,0.02,"7","d3","7.d3","bulk","chon","t5"
"stn7-d3-bulk-chon-t6",1.41,0.03,"7","d3","7.d3","bulk","chon","t6"
"stn7-d3-bulk-fuc-t0",0,0,"7","d3","7.d3","bulk","fuc","t0"
"stn7-d3-bulk-fuc-t1",0.13,0.12,"7","d3","7.d3","bulk","fuc","t1"
"stn7-d3-bulk-fuc-t2",0.81,0.83,"7","d3","7.d3","bulk","fuc","t2"
"stn7-d3-bulk-fuc-t3",1.32,1.14,"7","d3","7.d3","bulk","fuc","t3"
"stn7-d3-bulk-fuc-t4",0.2,0.35,"7","d3","7.d3","bulk","fuc","t4"
"stn7-d3-bulk-fuc-t5",0.95,0.42,"7","d3","7.d3","bulk","fuc","t5"
"stn7-d3-bulk-fuc-t6",1.09,0.17,"7","d3","7.d3","bulk","fuc","t6"
"stn7-d3-bulk-lam-t0",0,0,"7","d3","7.d3","bulk","lam","t0"
"stn7-d3-bulk-lam-t1",13.02,10.92,"7","d3","7.d3","bulk","lam","t1"
"stn7-d3-bulk-lam-t2",7.92,6.07,"7","d3","7.d3","bulk","lam","t2"
"stn7-d3-bulk-lam-t3",1.99,2.67,"7","d3","7.d3","bulk","lam","t3"
"stn7-d3-bulk-lam-t4",1.69,1.69,"7","d3","7.d3","bulk","lam","t4"
"stn7-d3-bulk-lam-t5",1.41,1.22,"7","d3","7.d3","bulk","lam","t5"
"stn7-d3-bulk-lam-t6",0.98,0.36,"7","d3","7.d3","bulk","lam","t6"
"stn7-d3-bulk-pul-t0",0,0,"7","d3","7.d3","bulk","pul","t0"
"stn7-d3-bulk-pul-t1",0,0,"7","d3","7.d3","bulk","pul","t1"
"stn7-d3-bulk-pul-t2",4.93,8.54,"7","d3","7.d3","bulk","pul","t2"
"stn7-d3-bulk-pul-t3",0.16,0.22,"7","d3","7.d3","bulk","pul","t3"
"stn7-d3-bulk-pul-t4",0.64,1.08,"7","d3","7.d3","bulk","pul","t4"
"stn7-d3-bulk-pul-t5",0,0,"7","d3","7.d3","bulk","pul","t5"
"stn7-d3-bulk-pul-t6",0.04,0.04,"7","d3","7.d3","bulk","pul","t6"
"stn7-d3-bulk-xyl-t0",0,0,"7","d3","7.d3","bulk","xyl","t0"
"stn7-d3-bulk-xyl-t1",0.72,0.66,"7","d3","7.d3","bulk","xyl","t1"
"stn7-d3-bulk-xyl-t2",0.07,0.11,"7","d3","7.d3","bulk","xyl","t2"
"stn7-d3-bulk-xyl-t3",2.32,2.06,"7","d3","7.d3","bulk","xyl","t3"
"stn7-d3-bulk-xyl-t4",4.56,0.65,"7","d3","7.d3","bulk","xyl","t4"
"stn7-d3-bulk-xyl-t5",3.28,0.44,"7","d3","7.d3","bulk","xyl","t5"
"stn7-d3-bulk-xyl-t6",1.36,0.06,"7","d3","7.d3","bulk","xyl","t6"
"stn7-d4-bulk-ara-t0",0,0,"7","d4","7.d4","bulk","ara","t0"
"stn7-d4-bulk-ara-t1",0,0,"7","d4","7.d4","bulk","ara","t1"
"stn7-d4-bulk-ara-t2",0.16,0.18,"7","d4","7.d4","bulk","ara","t2"
"stn7-d4-bulk-ara-t3",0.23,0.28,"7","d4","7.d4","bulk","ara","t3"
"stn7-d4-bulk-ara-t4",0.03,0.03,"7","d4","7.d4","bulk","ara","t4"
"stn7-d4-bulk-ara-t5",0.05,0.09,"7","d4","7.d4","bulk","ara","t5"
"stn7-d4-bulk-ara-t6",0.01,0.02,"7","d4","7.d4","bulk","ara","t6"
"stn7-d4-bulk-chon-t0",0,0,"7","d4","7.d4","bulk","chon","t0"
"stn7-d4-bulk-chon-t1",2.12,0.39,"7","d4","7.d4","bulk","chon","t1"
"stn7-d4-bulk-chon-t2",0.63,0.97,"7","d4","7.d4","bulk","chon","t2"
"stn7-d4-bulk-chon-t3",1.99,2.77,"7","d4","7.d4","bulk","chon","t3"
"stn7-d4-bulk-chon-t4",3.2,2.08,"7","d4","7.d4","bulk","chon","t4"
"stn7-d4-bulk-chon-t5",2.68,0.32,"7","d4","7.d4","bulk","chon","t5"
"stn7-d4-bulk-chon-t6",1.15,0.09,"7","d4","7.d4","bulk","chon","t6"
"stn7-d4-bulk-fuc-t0",0,0,"7","d4","7.d4","bulk","fuc","t0"
"stn7-d4-bulk-fuc-t1",2.58,2.88,"7","d4","7.d4","bulk","fuc","t1"
"stn7-d4-bulk-fuc-t2",1.68,1.82,"7","d4","7.d4","bulk","fuc","t2"
"stn7-d4-bulk-fuc-t3",1.41,1.07,"7","d4","7.d4","bulk","fuc","t3"
"stn7-d4-bulk-fuc-t4",0.88,1.13,"7","d4","7.d4","bulk","fuc","t4"
"stn7-d4-bulk-fuc-t5",0.71,0.67,"7","d4","7.d4","bulk","fuc","t5"
"stn7-d4-bulk-fuc-t6",0.06,0.1,"7","d4","7.d4","bulk","fuc","t6"
"stn7-d4-bulk-lam-t0",0,0,"7","d4","7.d4","bulk","lam","t0"
"stn7-d4-bulk-lam-t1",3.66,6.08,"7","d4","7.d4","bulk","lam","t1"
"stn7-d4-bulk-lam-t2",0.05,0.06,"7","d4","7.d4","bulk","lam","t2"
"stn7-d4-bulk-lam-t3",2.13,0.79,"7","d4","7.d4","bulk","lam","t3"
"stn7-d4-bulk-lam-t4",2.5,0.18,"7","d4","7.d4","bulk","lam","t4"
"stn7-d4-bulk-lam-t5",0.93,0.2,"7","d4","7.d4","bulk","lam","t5"
"stn7-d4-bulk-lam-t6",0.11,0.07,"7","d4","7.d4","bulk","lam","t6"
"stn7-d4-bulk-pul-t0",0,0,"7","d4","7.d4","bulk","pul","t0"
"stn7-d4-bulk-pul-t1",2.55,2.43,"7","d4","7.d4","bulk","pul","t1"
"stn7-d4-bulk-pul-t2",0.91,0.82,"7","d4","7.d4","bulk","pul","t2"
"stn7-d4-bulk-pul-t3",0.67,0.48,"7","d4","7.d4","bulk","pul","t3"
"stn7-d4-bulk-pul-t4",1.57,2.23,"7","d4","7.d4","bulk","pul","t4"
"stn7-d4-bulk-pul-t5",0.26,0.4,"7","d4","7.d4","bulk","pul","t5"
"stn7-d4-bulk-pul-t6",0.07,0.11,"7","d4","7.d4","bulk","pul","t6"
"stn7-d4-bulk-xyl-t0",0,0,"7","d4","7.d4","bulk","xyl","t0"
"stn7-d4-bulk-xyl-t1",0.38,0.24,"7","d4","7.d4","bulk","xyl","t1"
"stn7-d4-bulk-xyl-t2",0.04,0.05,"7","d4","7.d4","bulk","xyl","t2"
"stn7-d4-bulk-xyl-t3",0.21,0.18,"7","d4","7.d4","bulk","xyl","t3"
"stn7-d4-bulk-xyl-t4",0.06,0.07,"7","d4","7.d4","bulk","xyl","t4"
"stn7-d4-bulk-xyl-t5",0.12,0.08,"7","d4","7.d4","bulk","xyl","t5"
"stn7-d4-bulk-xyl-t6",0.31,0.09,"7","d4","7.d4","bulk","xyl","t6"
"stn7-d5-bulk-ara-t0",0,0,"7","d5","7.d5","bulk","ara","t0"
"stn7-d5-bulk-ara-t1",2.86,1.21,"7","d5","7.d5","bulk","ara","t1"
"stn7-d5-bulk-ara-t2",0.33,0.3,"7","d5","7.d5","bulk","ara","t2"
"stn7-d5-bulk-ara-t3",0.17,0.21,"7","d5","7.d5","bulk","ara","t3"
"stn7-d5-bulk-ara-t4",0.08,0.07,"7","d5","7.d5","bulk","ara","t4"
"stn7-d5-bulk-ara-t5",0.06,0.09,"7","d5","7.d5","bulk","ara","t5"
"stn7-d5-bulk-ara-t6",0,0,"7","d5","7.d5","bulk","ara","t6"
"stn7-d5-bulk-chon-t0",0,0,"7","d5","7.d5","bulk","chon","t0"
"stn7-d5-bulk-chon-t1",0.29,0.32,"7","d5","7.d5","bulk","chon","t1"
"stn7-d5-bulk-chon-t2",0.05,0.08,"7","d5","7.d5","bulk","chon","t2"
"stn7-d5-bulk-chon-t3",5.84,0.68,"7","d5","7.d5","bulk","chon","t3"
"stn7-d5-bulk-chon-t4",3.95,0.35,"7","d5","7.d5","bulk","chon","t4"
"stn7-d5-bulk-chon-t5",0.2,0.18,"7","d5","7.d5","bulk","chon","t5"
"stn7-d5-bulk-chon-t6",0.05,0.05,"7","d5","7.d5","bulk","chon","t6"
"stn7-d5-bulk-fuc-t0",0,0,"7","d5","7.d5","bulk","fuc","t0"
"stn7-d5-bulk-fuc-t1",2.62,2.49,"7","d5","7.d5","bulk","fuc","t1"
"stn7-d5-bulk-fuc-t2",1.43,0.86,"7","d5","7.d5","bulk","fuc","t2"
"stn7-d5-bulk-fuc-t3",0.49,0.39,"7","d5","7.d5","bulk","fuc","t3"
"stn7-d5-bulk-fuc-t4",0.58,0.84,"7","d5","7.d5","bulk","fuc","t4"
"stn7-d5-bulk-fuc-t5",0.52,0.57,"7","d5","7.d5","bulk","fuc","t5"
"stn7-d5-bulk-fuc-t6",0.15,0.13,"7","d5","7.d5","bulk","fuc","t6"
"stn7-d5-bulk-lam-t0",0,0,"7","d5","7.d5","bulk","lam","t0"
"stn7-d5-bulk-lam-t1",0.33,0.49,"7","d5","7.d5","bulk","lam","t1"
"stn7-d5-bulk-lam-t2",0.08,0.13,"7","d5","7.d5","bulk","lam","t2"
"stn7-d5-bulk-lam-t3",3.1,0.65,"7","d5","7.d5","bulk","lam","t3"
"stn7-d5-bulk-lam-t4",2.9,0.65,"7","d5","7.d5","bulk","lam","t4"
"stn7-d5-bulk-lam-t5",1.6,0.1,"7","d5","7.d5","bulk","lam","t5"
"stn7-d5-bulk-lam-t6",0,0,"7","d5","7.d5","bulk","lam","t6"
"stn7-d5-bulk-pul-t0",0,0,"7","d5","7.d5","bulk","pul","t0"
"stn7-d5-bulk-pul-t1",11.35,16.16,"7","d5","7.d5","bulk","pul","t1"
"stn7-d5-bulk-pul-t2",1.24,1.17,"7","d5","7.d5","bulk","pul","t2"
"stn7-d5-bulk-pul-t3",2.05,3.07,"7","d5","7.d5","bulk","pul","t3"
"stn7-d5-bulk-pul-t4",1.26,1.81,"7","d5","7.d5","bulk","pul","t4"
"stn7-d5-bulk-pul-t5",0.17,0.16,"7","d5","7.d5","bulk","pul","t5"
"stn7-d5-bulk-pul-t6",0.03,0.03,"7","d5","7.d5","bulk","pul","t6"
"stn7-d5-bulk-xyl-t0",0,0,"7","d5","7.d5","bulk","xyl","t0"
"stn7-d5-bulk-xyl-t1",0.36,0.53,"7","d5","7.d5","bulk","xyl","t1"
"stn7-d5-bulk-xyl-t2",0.21,0.17,"7","d5","7.d5","bulk","xyl","t2"
"stn7-d5-bulk-xyl-t3",0.38,0.17,"7","d5","7.d5","bulk","xyl","t3"
"stn7-d5-bulk-xyl-t4",3.3,1.21,"7","d5","7.d5","bulk","xyl","t4"
"stn7-d5-bulk-xyl-t5",1.73,0.15,"7","d5","7.d5","bulk","xyl","t5"
"stn7-d5-bulk-xyl-t6",0.21,0.02,"7","d5","7.d5","bulk","xyl","t6"
